[
    {
        "field_name": "PDF417BarCode1[0]",
        "field_type": "/Tx",
        "initial_value": "I-907|11/03/22|1",
        "page_number": 1,
        "description": "The PDF417 barcode on the card."
    },
    {
        "field_name": "USCISOnlineAcctNumber[0]",
        "field_type": "/Tx",
        "initial_value": "",
        "page_number": 1,
        "description": "The USCIS online account number for the applicant."
    },
    {
        "field_name": "Pt1Line3_GivenName[0]",
        "field_type": "/Tx",
        "initial_value": "",
        "page_number": 1,
        "description": "The applicant's given name."
    },
    {
        "field_name": "Pt1Line3_FamilyName[0]",
        "field_type": "/Tx",
        "initial_value": "",
        "page_number": 1,
        "description": "The applicant's family name."
    },
    {
        "field_name": "Pt1Line3_MiddleName[0]",
        "field_type": "/Tx",
        "initial_value": "",
        "page_number": 1,
        "description": "The applicant's middle name."
    },
    {
        "field_name": "Pt1Line1_AlienRegistrationNumber[0]",
        "field_type": "/Tx",
        "initial_value": "",
        "page_number": 1,
        "description": "The applicant's alien registration number."
    },
    {
        "field_name": "Part1_Line5_MailingAddress_StreetNumberName[0]",
        "field_type": "/Tx",
        "initial_value": "",
        "page_number": 1,
        "description": "The street number and name of the applicant's mailing address."
    },
    {
        "field_name": "Part1_Line5_MailingAddress_CityTown[0]",
        "field_type": "/Tx",
        "initial_value": "",
        "page_number": 1,
        "description": "The city or town of the applicant's mailing address."
    },
    {
        "field_name": "Part1_Line5_MailingAddress_Unit[0]",
        "field_type": "/Btn",
        "initial_value": "",
        "page_number": 1,
        "possible_values": [
            "/ STE "
        ],
        "description": "The unit number of the applicant's mailing address."
    },
    {
        "field_name": "Part1_Line5_MailingAddress_Unit[1]",
        "field_type": "/Btn",
        "initial_value": "",
        "page_number": 1,
        "possible_values": [
            "/ FLR "
        ],
        "description": "The unit number of the applicant's mailing address."
    },
    {
        "field_name": "Part1_Line5_MailingAddress_AptSteFlrNumber[0]",
        "field_type": "/Tx",
        "initial_value": "",
        "page_number": 1,
        "description": "The apartment, suite, or floor number of the applicant's mailing address."
    },
    {
        "field_name": "Part1_Line5_MailingAddress_Unit[2]",
        "field_type": "/Btn",
        "initial_value": "",
        "page_number": 1,
        "possible_values": [
            "/ APT "
        ],
        "description": "The unit number of the applicant's mailing address."
    },
    {
        "field_name": "Pt1Line5_MailingAddress_ZipCode[0]",
        "field_type": "/Tx",
        "initial_value": "",
        "page_number": 1,
        "description": "The zip code of the applicant's mailing address."
    },
    {
        "field_name": "Part1_Line5_MailingAddress_State[0]",
        "field_type": "/Ch",
        "initial_value": "",
        "page_number": 1,
        "options": [
            " ",
            "AA",
            "AE",
            "AK",
            "AL",
            "AP",
            "AR",
            "AS",
            "AZ",
            "CA",
            "CO",
            "CT",
            "DC",
            "DE",
            "FL",
            "FM",
            "GA",
            "GU",
            "HI",
            "IA",
            "ID",
            "IL",
            "IN",
            "KS",
            "KY",
            "LA",
            "MA",
            "MD",
            "ME",
            "MH",
            "MI",
            "MN",
            "MO",
            "MP",
            "MS",
            "MT",
            "NC",
            "ND",
            "NE",
            "NH",
            "NJ",
            "NM",
            "NV",
            "NY",
            "OH",
            "OK",
            "OR",
            "PA",
            "PR",
            "PW",
            "RI",
            "SC",
            "SD",
            "TN",
            "TX",
            "UT",
            "VA",
            "VI",
            "VT",
            "WA",
            "WI",
            "WV",
            "WY"
        ],
        "description": "The state of the applicant's mailing address."
    },
    {
        "field_name": "Part1_Line5_MailingAddress_InCareofName[0]",
        "field_type": "/Tx",
        "initial_value": "",
        "page_number": 1,
        "description": "The name of the person or organization that the applicant's mail should be addressed to."
    },
    {
        "field_name": "Part1_Line5_MailingAddress_Province[0]",
        "field_type": "/Tx",
        "initial_value": "",
        "page_number": 1,
        "description": "The province of the applicant's mailing address."
    },
    {
        "field_name": "Part1_Line5_MailingAddress_PostalCode[0]",
        "field_type": "/Tx",
        "initial_value": "",
        "page_number": 1,
        "description": "The postal code of the applicant's mailing address."
    },
    {
        "field_name": "Part1_Line5_MailingAddress_Country[0]",
        "field_type": "/Tx",
        "initial_value": "",
        "page_number": 1,
        "description": "The country of the applicant's mailing address."
    },
    {
        "field_name": "Part1_Line6_CompanyorOrganizationName[0]",
        "field_type": "/Tx",
        "initial_value": "",
        "page_number": 1,
        "description": "The name of the company or organization that the applicant is associated with."
    },
    {
        "field_name": "Part1Line5_Checkbox[0]",
        "field_type": "/Btn",
        "initial_value": "",
        "page_number": 1,
        "possible_values": [
            "/Y"
        ],
        "description": "The applicant's signature."
    },
    {
        "field_name": "Part1Line5_Checkbox[1]",
        "field_type": "/Btn",
        "initial_value": "",
        "page_number": 1,
        "possible_values": [
            "/N"
        ],
        "description": "The applicant's date of signature."
    },
    {
        "field_name": "CheckBox1[0]",
        "field_type": "/Btn",
        "initial_value": "",
        "page_number": 1,
        "possible_values": [
            "/1"
        ],
        "description": "The attorney's signature."
    },
    {
        "field_name": "AttyStateBarNumber[0]",
        "field_type": "/Tx",
        "initial_value": "",
        "page_number": 1,
        "description": "The attorney's state bar number."
    },
    {
        "field_name": "Pt2Line2_USCISOnlineActNumber[0]",
        "field_type": "/Tx",
        "initial_value": "",
        "page_number": 1,
        "description": "The USCIS online account number for the attorney."
    },
    {
        "field_name": "PDF417BarCode1[0]",
        "field_type": "/Tx",
        "initial_value": "I-907|11/03/22|2",
        "page_number": 2,
        "description": "The PDF417 barcode on the card."
    },
    {
        "field_name": "Part1_Line11_CheckBox[0]",
        "field_type": "/Btn",
        "initial_value": "",
        "page_number": 2,
        "possible_values": [
            "/C"
        ],
        "description": "The applicant's signature."
    },
    {
        "field_name": "Part1_Line11_CheckBox[1]",
        "field_type": "/Btn",
        "initial_value": "",
        "page_number": 2,
        "possible_values": [
            "/D"
        ],
        "description": "The applicant's date of signature."
    },
    {
        "field_name": "Part1_Line11_CheckBox[2]",
        "field_type": "/Btn",
        "initial_value": "",
        "page_number": 2,
        "possible_values": [
            "/A"
        ],
        "description": "The applicant's signature."
    },
    {
        "field_name": "Part1_Line11_CheckBox[3]",
        "field_type": "/Btn",
        "initial_value": "",
        "page_number": 2,
        "possible_values": [
            "/B"
        ],
        "description": "The applicant's date of signature."
    },
    {
        "field_name": "P2_Line2_ReceiptNumberof[0]",
        "field_type": "/Tx",
        "initial_value": "",
        "page_number": 2,
        "description": "The receipt number of the petition."
    },
    {
        "field_name": "P2_Line1_FormNumberof[0]",
        "field_type": "/Tx",
        "initial_value": "",
        "page_number": 2,
        "description": "The form number of the petition."
    },
    {
        "field_name": "P2_Line2_ClassorEligRequested[0]",
        "field_type": "/Tx",
        "initial_value": "",
        "page_number": 2,
        "description": "The class or eligibility requested by the petition."
    },
    {
        "field_name": "Part2_Line4_PetitionerApplicantGivenName[0]",
        "field_type": "/Tx",
        "initial_value": "",
        "page_number": 2,
        "description": "The given name of the petitioner or applicant."
    },
    {
        "field_name": "Part2_Line4_PetitionerApplicantFamilyName[0]",
        "field_type": "/Tx",
        "initial_value": "",
        "page_number": 2,
        "description": "The family name of the petitioner or applicant."
    },
    {
        "field_name": "Part2_Line4_PetitionerApplicantMiddleName[0]",
        "field_type": "/Tx",
        "initial_value": "",
        "page_number": 2,
        "description": "The middle name of the petitioner or applicant."
    },
    {
        "field_name": "Line_GivenName[0]",
        "field_type": "/Tx",
        "initial_value": "",
        "page_number": 2,
        "description": "The given name of the applicant."
    },
    {
        "field_name": "Line_FamilyName[0]",
        "field_type": "/Tx",
        "initial_value": "",
        "page_number": 2,
        "description": "The family name of the applicant."
    },
    {
        "field_name": "Line_MiddleName[0]",
        "field_type": "/Tx",
        "initial_value": "",
        "page_number": 2,
        "description": "The middle name of the applicant."
    },
    {
        "field_name": "Part1_Line8_NameOfCompanyPOC_TitleofPOC[0]",
        "field_type": "/Tx",
        "initial_value": "",
        "page_number": 2,
        "description": "The title of the point of contact for the company."
    },
    {
        "field_name": "Part1_Line8_NameOfCompanyPOC_GivenName[0]",
        "field_type": "/Tx",
        "initial_value": "",
        "page_number": 2,
        "description": "The given name of the point of contact for the company."
    },
    {
        "field_name": "Part1_Line8_NameOfCompanyPOC_FamilyName[0]",
        "field_type": "/Tx",
        "initial_value": "",
        "page_number": 2,
        "description": "The family name of the point of contact for the company."
    },
    {
        "field_name": "Part1_Line8_NameOfCompanyPOC_MiddleName[0]",
        "field_type": "/Tx",
        "initial_value": "",
        "page_number": 2,
        "description": "The middle name of the point of contact for the company."
    },
    {
        "field_name": "Part1_Line9_CompanyIRSTaxNumber[0]",
        "field_type": "/Tx",
        "initial_value": "",
        "page_number": 2,
        "description": "The company's IRS tax number."
    },
    {
        "field_name": "Part1_Line4_PhysicalAddress_State[0]",
        "field_type": "/Ch",
        "initial_value": "",
        "page_number": 2,
        "options": [
            " ",
            "AA",
            "AE",
            "AK",
            "AL",
            "AP",
            "AR",
            "AS",
            "AZ",
            "CA",
            "CO",
            "CT",
            "DC",
            "DE",
            "FL",
            "FM",
            "GA",
            "GU",
            "HI",
            "IA",
            "ID",
            "IL",
            "IN",
            "KS",
            "KY",
            "LA",
            "MA",
            "MD",
            "ME",
            "MH",
            "MI",
            "MN",
            "MO",
            "MP",
            "MS",
            "MT",
            "NC",
            "ND",
            "NE",
            "NH",
            "NJ",
            "NM",
            "NV",
            "NY",
            "OH",
            "OK",
            "OR",
            "PA",
            "PR",
            "PW",
            "RI",
            "SC",
            "SD",
            "TN",
            "TX",
            "UT",
            "VA",
            "VI",
            "VT",
            "WA",
            "WI",
            "WV",
            "WY"
        ],
        "description": "The state of the applicant's physical address."
    },
    {
        "field_name": "Part1_Line4_PhysicalAddress_ZipCode[0]",
        "field_type": "/Tx",
        "initial_value": "",
        "page_number": 2,
        "description": "The zip code of the applicant's physical address."
    },
    {
        "field_name": "Part1_Line4_PhysicalAddress_Unit[0]",
        "field_type": "/Btn",
        "initial_value": "",
        "page_number": 2,
        "possible_values": [
            "/ APT "
        ],
        "description": "The unit number of the applicant's physical address."
    },
    {
        "field_name": "Part1_Line4_PhysicalAddress_AptSteFlrNumber[0]",
        "field_type": "/Tx",
        "initial_value": "",
        "page_number": 2,
        "description": "The apartment, suite, or floor number of the applicant's physical address."
    },
    {
        "field_name": "Part1_Line4_PhysicalAddress_Unit[1]",
        "field_type": "/Btn",
        "initial_value": "",
        "page_number": 2,
        "possible_values": [
            "/ FLR "
        ],
        "description": "The unit number of the applicant's physical address."
    },
    {
        "field_name": "Part1_Line4_PhysicalAddress_Unit[2]",
        "field_type": "/Btn",
        "initial_value": "",
        "page_number": 2,
        "possible_values": [
            "/ STE "
        ],
        "description": "The unit number of the applicant's physical address."
    },
    {
        "field_name": "Part1_Line4_PhysicalAddress_CityTown[0]",
        "field_type": "/Tx",
        "initial_value": "",
        "page_number": 2,
        "description": "The city or town of the applicant's physical address."
    },
    {
        "field_name": "Part1_Line4_PhysicalAddress_Province[0]",
        "field_type": "/Tx",
        "initial_value": "",
        "page_number": 2,
        "description": "The province of the applicant's physical address."
    },
    {
        "field_name": "Part1_Line4_PhysicalAddress_PostalCode[0]",
        "field_type": "/Tx",
        "initial_value": "",
        "page_number": 2,
        "description": "The postal code of the applicant's physical address."
    },
    {
        "field_name": "Part1_Line4_PhysicalAddress_Country[0]",
        "field_type": "/Tx",
        "initial_value": "",
        "page_number": 2,
        "description": "The country of the applicant's physical address."
    },
    {
        "field_name": "Part1_Line4_PhysicalAddress_StreetNumberName[0]",
        "field_type": "/Tx",
        "initial_value": "",
        "page_number": 2,
        "description": "The street number and name of the applicant's physical address."
    },
    {
        "field_name": "PDF417BarCode1[0]",
        "field_type": "/Tx",
        "initial_value": "I-907|11/03/22|3",
        "page_number": 3,
        "description": "The PDF417 barcode on the card."
    },
    {
        "field_name": "P3_Line1_Checkbox[0]",
        "field_type": "/Btn",
        "initial_value": "",
        "page_number": 3,
        "possible_values": [
            "/N"
        ],
        "description": "The applicant's signature."
    },
    {
        "field_name": "P3_Line1_Checkbox[1]",
        "field_type": "/Btn",
        "initial_value": "",
        "page_number": 3,
        "possible_values": [
            "/Y"
        ],
        "description": "The applicant's date of signature."
    },
    {
        "field_name": "P3_Line1_B_Language[0]",
        "field_type": "/Tx",
        "initial_value": "",
        "page_number": 3,
        "description": "The language in which the applicant prefers to receive communications."
    },
    {
        "field_name": "P3_Line2_Checkbox[0]",
        "field_type": "/Btn",
        "initial_value": "",
        "page_number": 3,
        "possible_values": [
            "/A"
        ],
        "description": "The applicant's signature."
    },
    {
        "field_name": "P3_Line2_NameofRepresentative[0]",
        "field_type": "/Tx",
        "initial_value": "",
        "page_number": 3,
        "description": "The name of the applicant's representative."
    },
    {
        "field_name": "Part1_Line7_OtherInformationAboutCompanyOrg_State[0]",
        "field_type": "/Ch",
        "initial_value": "",
        "page_number": 3,
        "options": [
            " ",
            "AA",
            "AE",
            "AK",
            "AL",
            "AP",
            "AR",
            "AS",
            "AZ",
            "CA",
            "CO",
            "CT",
            "DC",
            "DE",
            "FL",
            "FM",
            "GA",
            "GU",
            "HI",
            "IA",
            "ID",
            "IL",
            "IN",
            "KS",
            "KY",
            "LA",
            "MA",
            "MD",
            "ME",
            "MH",
            "MI",
            "MN",
            "MO",
            "MP",
            "MS",
            "MT",
            "NC",
            "ND",
            "NE",
            "NH",
            "NJ",
            "NM",
            "NV",
            "NY",
            "OH",
            "OK",
            "OR",
            "PA",
            "PR",
            "PW",
            "RI",
            "SC",
            "SD",
            "TN",
            "TX",
            "UT",
            "VA",
            "VI",
            "VT",
            "WA",
            "WI",
            "WV",
            "WY"
        ],
        "description": "The state of the company or organization's business address."
    },
    {
        "field_name": "Part1_Line7_OtherInformationAboutCompanyOrg_ZipCode[0]",
        "field_type": "/Tx",
        "initial_value": "",
        "page_number": 3,
        "description": "The zip code of the company or organization's business address."
    },
    {
        "field_name": "Part1_Line7_OtherInformationAboutCompanyOrg_Unit[0]",
        "field_type": "/Btn",
        "initial_value": "",
        "page_number": 3,
        "possible_values": [
            "/ APT "
        ],
        "description": "The unit number of the company or organization's business address."
    },
    {
        "field_name": "Part1_Line7_OtherInformationAboutCompanyOrg_AptSteFlrNumber[0]",
        "field_type": "/Tx",
        "initial_value": "",
        "page_number": 3,
        "description": "The apartment, suite, or floor number of the company or organization's business address."
    },
    {
        "field_name": "Part1_Line7_OtherInformationAboutCompanyOrg_Unit[1]",
        "field_type": "/Btn",
        "initial_value": "",
        "page_number": 3,
        "possible_values": [
            "/ FLR "
        ],
        "description": "The unit number of the company or organization's business address."
    },
    {
        "field_name": "Part1_Line7_OtherInformationAboutCompanyOrg_Unit[2]",
        "field_type": "/Btn",
        "initial_value": "",
        "page_number": 3,
        "possible_values": [
            "/ STE "
        ],
        "description": "The unit number of the company or organization's business address."
    },
    {
        "field_name": "Part1_Line7_OtherInformationAboutCompanyOrg_CityTown[0]",
        "field_type": "/Tx",
        "initial_value": "",
        "page_number": 3,
        "description": "The city or town of the company or organization's business address."
    },
    {
        "field_name": "Part1_Line7_OtherInformationAboutCompanyOrg_Province[0]",
        "field_type": "/Tx",
        "initial_value": "",
        "page_number": 3,
        "description": "The province of the company or organization's business address."
    },
    {
        "field_name": "Part1_Line7_OtherInformationAboutCompanyOrg_PostalCode[0]",
        "field_type": "/Tx",
        "initial_value": "",
        "page_number": 3,
        "description": "The postal code of the company or organization's business address."
    },
    {
        "field_name": "Part1_Line7_OtherInformationAboutCompanyOrg_Country[0]",
        "field_type": "/Tx",
        "initial_value": "",
        "page_number": 3,
        "description": "The country of the company or organization's business address."
    },
    {
        "field_name": "Part1_Line7_OtherInformationAboutCompanyOrg_StreetNumberName[0]",
        "field_type": "/Tx",
        "initial_value": "",
        "page_number": 3,
        "description": "The street number and name of the company or organization's business address."
    },
    {
        "field_name": "P3_Line4_DaytimeTelePhoneNumber[0]",
        "field_type": "/Tx",
        "initial_value": "",
        "page_number": 3,
        "description": "The daytime telephone number of the applicant."
    },
    {
        "field_name": "P3_Line5_MobileTelePhoneNumber[0]",
        "field_type": "/Tx",
        "initial_value": "",
        "page_number": 3,
        "description": "The mobile telephone number of the applicant."
    },
    {
        "field_name": "P3_Line6_Email[0]",
        "field_type": "/Tx",
        "initial_value": "",
        "page_number": 3,
        "description": "The email address of the applicant."
    },
    {
        "field_name": "P3_Line5_MobileTelePhoneNumber[1]",
        "field_type": "/Tx",
        "initial_value": "",
        "page_number": 3,
        "description": "The mobile telephone number of the applicant's representative."
    },
    {
        "field_name": "PDF417BarCode1[0]",
        "field_type": "/Tx",
        "initial_value": "I-907|11/03/22|4",
        "page_number": 4,
        "description": "The PDF417 barcode on the card."
    },
    {
        "field_name": "P4_Line3_CityTown[0]",
        "field_type": "/Tx",
        "initial_value": "",
        "page_number": 4,
        "description": "The city or town of the business or organization's address."
    },
    {
        "field_name": "P4_Line3_Province[0]",
        "field_type": "/Tx",
        "initial_value": "",
        "page_number": 4,
        "description": "The province of the business or organization's address."
    },
    {
        "field_name": "P4_Line3_PostalCode[0]",
        "field_type": "/Tx",
        "initial_value": "",
        "page_number": 4,
        "description": "The postal code of the business or organization's address."
    },
    {
        "field_name": "P4_Line3_ZipCode[0]",
        "field_type": "/Tx",
        "initial_value": "",
        "page_number": 4,
        "description": "The zip code of the business or organization's address."
    },
    {
        "field_name": "P4_Line3_State[0]",
        "field_type": "/Ch",
        "initial_value": "",
        "page_number": 4,
        "options": [
            " ",
            "AA",
            "AE",
            "AK",
            "AL",
            "AP",
            "AR",
            "AS",
            "AZ",
            "CA",
            "CO",
            "CT",
            "DC",
            "DE",
            "FL",
            "FM",
            "GA",
            "GU",
            "HI",
            "IA",
            "ID",
            "IL",
            "IN",
            "KS",
            "KY",
            "LA",
            "MA",
            "MD",
            "ME",
            "MH",
            "MI",
            "MN",
            "MO",
            "MP",
            "MS",
            "MT",
            "NC",
            "ND",
            "NE",
            "NH",
            "NJ",
            "NM",
            "NV",
            "NY",
            "OH",
            "OK",
            "OR",
            "PA",
            "PR",
            "PW",
            "RI",
            "SC",
            "SD",
            "TN",
            "TX",
            "UT",
            "VA",
            "VI",
            "VT",
            "WA",
            "WI",
            "WV",
            "WY"
        ],
        "description": "The state of the business or organization's address."
    },
    {
        "field_name": "P4_Line3_StreetNumberName[0]",
        "field_type": "/Tx",
        "initial_value": "",
        "page_number": 4,
        "description": "The street number and name of the business or organization's address."
    },
    {
        "field_name": "P4_Line3_Unit[0]",
        "field_type": "/Btn",
        "initial_value": "",
        "page_number": 4,
        "possible_values": [
            "/ STE "
        ],
        "description": "The unit number of the business or organization's address."
    },
    {
        "field_name": "P4_Line3_Unit[1]",
        "field_type": "/Btn",
        "initial_value": "",
        "page_number": 4,
        "possible_values": [
            "/ FLR "
        ],
        "description": "The unit number of the business or organization's address."
    },
    {
        "field_name": "P4_Line3_AptSteFlrNumber[0]",
        "field_type": "/Tx",
        "initial_value": "",
        "page_number": 4,
        "description": "The apartment, suite, or floor number of the business or organization's address."
    },
    {
        "field_name": "P4_Line3_Unit[2]",
        "field_type": "/Btn",
        "initial_value": "",
        "page_number": 4,
        "possible_values": [
            "/ APT "
        ],
        "description": "The unit number of the business or organization's address."
    },
    {
        "field_name": "P4_Line3_Country[0]",
        "field_type": "/Tx",
        "initial_value": "",
        "page_number": 4,
        "description": "The country of the business or organization's address."
    },
    {
        "field_name": "P4_Line5_Email[0]",
        "field_type": "/Tx",
        "initial_value": "",
        "page_number": 4,
        "description": "The email address of the business or organization."
    },
    {
        "field_name": "P4_Line4_DaytimeTelePhoneNumber[0]",
        "field_type": "/Tx",
        "initial_value": "",
        "page_number": 4,
        "description": "The daytime telephone number of the business or organization."
    },
    {
        "field_name": "P4_Line1_InterpreterGivenName[0]",
        "field_type": "/Tx",
        "initial_value": "",
        "page_number": 4,
        "description": "The given name of the interpreter."
    },
    {
        "field_name": "P4_Line1_InterpreterFamilyName[0]",
        "field_type": "/Tx",
        "initial_value": "",
        "page_number": 4,
        "description": "The family name of the interpreter."
    },
    {
        "field_name": "P4_Line2_NameofBusinessorOrgName[0]",
        "field_type": "/Tx",
        "initial_value": "",
        "page_number": 4,
        "description": "The name of the business or organization."
    },
    {
        "field_name": "Pt5Line3_SignatureOfPetitioner[0]",
        "field_type": "/Tx",
        "initial_value": "",
        "page_number": 4,
        "description": "The signature of the petitioner."
    },
    {
        "field_name": "P3_DateofSignature[0]",
        "field_type": "/Tx",
        "initial_value": "",
        "page_number": 4,
        "description": "The date of the signature of the petitioner."
    },
    {
        "field_name": "P4_Line6_Language[0]",
        "field_type": "/Tx",
        "initial_value": "",
        "page_number": 4,
        "description": "The language in which the applicant prefers to receive communications."
    },
    {
        "field_name": "P4_Line4_DaytimeTelePhoneNumber[1]",
        "field_type": "/Tx",
        "initial_value": "",
        "page_number": 4,
        "description": "The daytime telephone number of the interpreter."
    },
    {
        "field_name": "PDF417BarCode1[0]",
        "field_type": "/Tx",
        "initial_value": "I-907|11/03/22|5",
        "page_number": 5,
        "description": "The PDF417 barcode on the card."
    },
    {
        "field_name": "P5_Line6_EmailAddress[0]",
        "field_type": "/Tx",
        "initial_value": "",
        "page_number": 5,
        "description": "The email address of the preparer."
    },
    {
        "field_name": "P5_Line4_DaytimeTelePhoneNumber[0]",
        "field_type": "/Tx",
        "initial_value": "",
        "page_number": 5,
        "description": "The daytime telephone number of the preparer."
    },
    {
        "field_name": "P5_Line5_FaxNumber[0]",
        "field_type": "/Tx",
        "initial_value": "",
        "page_number": 5,
        "description": "The fax number of the preparer."
    },
    {
        "field_name": "P5_Line3_CityTown[0]",
        "field_type": "/Tx",
        "initial_value": "",
        "page_number": 5,
        "description": "The city or town of the preparer's address."
    },
    {
        "field_name": "P5_Line3_Province[0]",
        "field_type": "/Tx",
        "initial_value": "",
        "page_number": 5,
        "description": "The province of the preparer's address."
    },
    {
        "field_name": "P5_Line3_PostalCode[0]",
        "field_type": "/Tx",
        "initial_value": "",
        "page_number": 5,
        "description": "The postal code of the preparer's address."
    },
    {
        "field_name": "P5_Line3_ZipCode[0]",
        "field_type": "/Tx",
        "initial_value": "",
        "page_number": 5,
        "description": "The zip code of the preparer's address."
    },
    {
        "field_name": "P5_Line3_State[0]",
        "field_type": "/Ch",
        "initial_value": "",
        "page_number": 5,
        "options": [
            " ",
            "AA",
            "AE",
            "AK",
            "AL",
            "AP",
            "AR",
            "AS",
            "AZ",
            "CA",
            "CO",
            "CT",
            "DC",
            "DE",
            "FL",
            "FM",
            "GA",
            "GU",
            "HI",
            "IA",
            "ID",
            "IL",
            "IN",
            "KS",
            "KY",
            "LA",
            "MA",
            "MD",
            "ME",
            "MH",
            "MI",
            "MN",
            "MO",
            "MP",
            "MS",
            "MT",
            "NC",
            "ND",
            "NE",
            "NH",
            "NJ",
            "NM",
            "NV",
            "NY",
            "OH",
            "OK",
            "OR",
            "PA",
            "PR",
            "PW",
            "RI",
            "SC",
            "SD",
            "TN",
            "TX",
            "UT",
            "VA",
            "VI",
            "VT",
            "WA",
            "WI",
            "WV",
            "WY"
        ],
        "description": "The state of the preparer's address."
    },
    {
        "field_name": "P5_Line3_StreetNumberName[0]",
        "field_type": "/Tx",
        "initial_value": "",
        "page_number": 5,
        "description": "The street number and name of the preparer's address."
    },
    {
        "field_name": "P5_Line3_Unit[0]",
        "field_type": "/Btn",
        "initial_value": "",
        "page_number": 5,
        "possible_values": [
            "/ STE "
        ],
        "description": "The unit number of the preparer's address."
    },
    {
        "field_name": "P5_Line3_Unit[1]",
        "field_type": "/Btn",
        "initial_value": "",
        "page_number": 5,
        "possible_values": [
            "/ FLR "
        ],
        "description": "The unit number of the preparer's address."
    },
    {
        "field_name": "Pt10Line3b_AptSteFlrNumber[0]",
        "field_type": "/Tx",
        "initial_value": "",
        "page_number": 5,
        "description": "The apartment, suite, or floor number of the preparer's address."
    },
    {
        "field_name": "P5_Line3_Unit[2]",
        "field_type": "/Btn",
        "initial_value": "",
        "page_number": 5,
        "possible_values": [
            "/ APT "
        ],
        "description": "The unit number of the preparer's address."
    },
    {
        "field_name": "P5_Line3_Country[0]",
        "field_type": "/Tx",
        "initial_value": "",
        "page_number": 5,
        "description": "The country of the preparer's address."
    },
    {
        "field_name": "P5_Line1_PreparerGivenName[0]",
        "field_type": "/Tx",
        "initial_value": "",
        "page_number": 5,
        "description": "The given name of the preparer."
    },
    {
        "field_name": "P5_Line1_PreparerFamilyName[0]",
        "field_type": "/Tx",
        "initial_value": "",
        "page_number": 5,
        "description": "The family name of the preparer."
    },
    {
        "field_name": "P5_Line2_NameofBusinessorOrgName[0]",
        "field_type": "/Tx",
        "initial_value": "",
        "page_number": 5,
        "description": "The name of the business or organization of the preparer."
    },
    {
        "field_name": "P4_Line6_Signature[0]",
        "field_type": "/Tx",
        "initial_value": "",
        "page_number": 5,
        "description": "The signature of the interpreter."
    },
    {
        "field_name": "P4_Line6_DateofSignature[0]",
        "field_type": "/Tx",
        "initial_value": "",
        "page_number": 5,
        "description": "The date of the signature of the interpreter."
    },
    {
        "field_name": "P5_Line7a_Checkbox[0]",
        "field_type": "/Btn",
        "initial_value": "",
        "page_number": 5,
        "possible_values": [
            "/A"
        ],
        "description": "The preparer's signature."
    },
    {
        "field_name": "P5_Line7b_Checkbox[0]",
        "field_type": "/Btn",
        "initial_value": "",
        "page_number": 5,
        "possible_values": [
            "/B"
        ],
        "description": "The preparer's signature."
    },
    {
        "field_name": "P5_Line7b_extends[0]",
        "field_type": "/Btn",
        "initial_value": "",
        "page_number": 5,
        "possible_values": [
            "/1"
        ],
        "description": "The preparer's signature extends to the next page."
    },
    {
        "field_name": "P5_Line7b_notextends[0]",
        "field_type": "/Btn",
        "initial_value": "",
        "page_number": 5,
        "possible_values": [
            "/2"
        ],
        "description": "The preparer's signature does not extend to the next page."
    },
    {
        "field_name": "PDF417BarCode1[0]",
        "field_type": "/Tx",
        "initial_value": "I-907|11/03/22|6",
        "page_number": 6,
        "description": "The PDF417 barcode on the card."
    },
    {
        "field_name": "P5_Line8_Signature[0]",
        "field_type": "/Tx",
        "initial_value": "",
        "page_number": 6,
        "description": "The signature of the preparer's spouse or registered partner."
    },
    {
        "field_name": "P5_Line8_DateofSignature[0]",
        "field_type": "/Tx",
        "initial_value": "",
        "page_number": 6,
        "description": "The date of the signature of the preparer's spouse or registered partner."
    },
    {
        "field_name": "PDF417BarCode1[0]",
        "field_type": "/Tx",
        "initial_value": "I-907|11/03/22|7",
        "page_number": 7,
        "description": "The PDF417 barcode on the card."
    },
    {
        "field_name": "Pt9Line3d_AdditionalInfo[0]",
        "field_type": "/Tx",
        "initial_value": "",
        "page_number": 7,
        "description": "Additional information about the item on Part 9, Line 3."
    },
    {
        "field_name": "Pt9Line3a_PageNumber[0]",
        "field_type": "/Tx",
        "initial_value": "",
        "page_number": 7,
        "description": "The page number of the item on Part 9, Line 3."
    },
    {
        "field_name": "Pt9Line3b_PartNumber[0]",
        "field_type": "/Tx",
        "initial_value": "",
        "page_number": 7,
        "description": "The part number of the item on Part 9, Line 3."
    },
    {
        "field_name": "Pt9Line3c_ItemNumber[0]",
        "field_type": "/Tx",
        "initial_value": "",
        "page_number": 7,
        "description": "The item number of the item on Part 9, Line 3."
    },
    {
        "field_name": "Pt1Line1_AlienRegistrationNumber[1]",
        "field_type": "/Tx",
        "initial_value": "",
        "page_number": 7,
        "description": "The alien registration number of the second applicant."
    },
    {
        "field_name": "Pt9Line4d_AdditionalInfo[0]",
        "field_type": "/Tx",
        "initial_value": "",
        "page_number": 7,
        "description": "Additional information about the item on Part 9, Line 4."
    },
    {
        "field_name": "Pt9Line4a_PageNumber[0]",
        "field_type": "/Tx",
        "initial_value": "",
        "page_number": 7,
        "description": "The page number of the item on Part 9, Line 4."
    },
    {
        "field_name": "Pt9Line4b_PartNumber[0]",
        "field_type": "/Tx",
        "initial_value": "",
        "page_number": 7,
        "description": "The part number of the item on Part 9, Line 4."
    },
    {
        "field_name": "Pt9Line4c_ItemNumber[0]",
        "field_type": "/Tx",
        "initial_value": "",
        "page_number": 7,
        "description": "The item number of the item on Part 9, Line 4."
    },
    {
        "field_name": "Pt1Line3_GivenName[1]",
        "field_type": "/Tx",
        "initial_value": "",
        "page_number": 7,
        "description": "The given name of the second applicant."
    },
    {
        "field_name": "Pt1Line3_FamilyName[1]",
        "field_type": "/Tx",
        "initial_value": "",
        "page_number": 7,
        "description": "The family name of the second applicant."
    },
    {
        "field_name": "Pt1Line3_MiddleName[1]",
        "field_type": "/Tx",
        "initial_value": "",
        "page_number": 7,
        "description": "The middle name of the second applicant."
    },
    {
        "field_name": "Pt9Line4d_AdditionalInfo[1]",
        "field_type": "/Tx",
        "initial_value": "",
        "page_number": 7,
        "description": "Additional information about the item on Part 9, Line 4."
    },
    {
        "field_name": "Pt9Line4a_PageNumber[1]",
        "field_type": "/Tx",
        "initial_value": "",
        "page_number": 7,
        "description": "The page number of the item on Part 9, Line 4."
    },
    {
        "field_name": "Pt9Line4b_PartNumber[1]",
        "field_type": "/Tx",
        "initial_value": "",
        "page_number": 7,
        "description": "The part number of the item on Part 9, Line 4."
    },
    {
        "field_name": "Pt9Line4c_ItemNumber[1]",
        "field_type": "/Tx",
        "initial_value": "",
        "page_number": 7,
        "description": "The item number of the item on Part 9, Line 4."
    }
]