[
    {
        "field_name": "PDF417BarCode1[0]",
        "field_type": "/Tx",
        "initial_value": "I-539|05/31/22|1",
        "page_number": 1,
        "description": "PDF417 Bar Code"
    },
    {
        "field_name": "Pt1Line1a_FamilyName[0]",
        "field_type": "/Tx",
        "initial_value": "",
        "page_number": 1,
        "description": "Family Name"
    },
    {
        "field_name": "Pt1Line1b_GivenName[0]",
        "field_type": "/Tx",
        "initial_value": "",
        "page_number": 1,
        "description": "Given Name"
    },
    {
        "field_name": "Pt1Line1c_MiddleName[0]",
        "field_type": "/Tx",
        "initial_value": "",
        "page_number": 1,
        "description": "Middle Name"
    },
    {
        "field_name": "P1_Line4a_InCareOfName[0]",
        "field_type": "/Tx",
        "initial_value": "",
        "page_number": 1,
        "description": "In Care Of Name"
    },
    {
        "field_name": "P1_Line4b_StreetNumberName[0]",
        "field_type": "/Tx",
        "initial_value": "",
        "page_number": 1,
        "description": "Street Number and Name"
    },
    {
        "field_name": "P1_Line4c_Unit[0]",
        "field_type": "/Btn",
        "initial_value": "",
        "page_number": 1,
        "possible_values": [
            "/ STE "
        ],
        "description": "Unit"
    },
    {
        "field_name": "P1_Line4c_Unit[1]",
        "field_type": "/Btn",
        "initial_value": "",
        "page_number": 1,
        "possible_values": [
            "/ FLR "
        ],
        "description": "Unit"
    },
    {
        "field_name": "P1_Line4c_AptSteFlrNumber[0]",
        "field_type": "/Tx",
        "initial_value": "",
        "page_number": 1,
        "description": "Apt/Ste/Flr Number"
    },
    {
        "field_name": "P1_Line4c_Unit[2]",
        "field_type": "/Btn",
        "initial_value": "",
        "page_number": 1,
        "possible_values": [
            "/ APT "
        ],
        "description": "Unit"
    },
    {
        "field_name": "P1_Line4d_CityOrTown[0]",
        "field_type": "/Tx",
        "initial_value": "",
        "page_number": 1,
        "description": "City Or Town"
    },
    {
        "field_name": "P1_Line8_DateOfBirth[0]",
        "field_type": "/Tx",
        "initial_value": "",
        "page_number": 1,
        "description": "Date Of Birth"
    },
    {
        "field_name": "P1_Line10_DateOfLastArrival[0]",
        "field_type": "/Tx",
        "initial_value": "",
        "page_number": 1,
        "description": "Date Of Last Arrival"
    },
    {
        "field_name": "Pt1Line4f_ZipCode[0]",
        "field_type": "/Tx",
        "initial_value": "",
        "page_number": 1,
        "description": "Zip Code"
    },
    {
        "field_name": "P1_Line4e_State[0]",
        "field_type": "/Ch",
        "initial_value": "",
        "page_number": 1,
        "options": [
            " ",
            "AA",
            "AE",
            "AK",
            "AL",
            "AP",
            "AR",
            "AS",
            "AZ",
            "CA",
            "CO",
            "CT",
            "DC",
            "DE",
            "FL",
            "FM",
            "GA",
            "GU",
            "HI",
            "IA",
            "ID",
            "IL",
            "IN",
            "KS",
            "KY",
            "LA",
            "MA",
            "MD",
            "ME",
            "MH",
            "MI",
            "MN",
            "MO",
            "MP",
            "MS",
            "MT",
            "NC",
            "ND",
            "NE",
            "NH",
            "NJ",
            "NM",
            "NV",
            "NY",
            "OH",
            "OK",
            "OR",
            "PA",
            "PR",
            "PW",
            "RI",
            "SC",
            "SD",
            "TN",
            "TX",
            "UT",
            "VA",
            "VI",
            "VT",
            "WA",
            "WI",
            "WV",
            "WY"
        ],
        "description": "State"
    },
    {
        "field_name": "P1_Line7_CountryOfCitizenship[0]",
        "field_type": "/Tx",
        "initial_value": "",
        "page_number": 1,
        "description": "Country Of Citizenship"
    },
    {
        "field_name": "P1_Line6_CountryOfBirth[0]",
        "field_type": "/Tx",
        "initial_value": "",
        "page_number": 1,
        "description": "Country Of Birth"
    },
    {
        "field_name": "P1_Line9_SSN[0]",
        "field_type": "/Tx",
        "initial_value": "",
        "page_number": 1,
        "description": "SSN"
    },
    {
        "field_name": "Pt1Line2_AlienNumber[0]",
        "field_type": "/Tx",
        "initial_value": "",
        "page_number": 1,
        "description": "Alien Number"
    },
    {
        "field_name": "Pt1Line2_USCISOnlineAcctNumber[0]",
        "field_type": "/Tx",
        "initial_value": "",
        "page_number": 1,
        "description": "USCIS Online Account Number"
    },
    {
        "field_name": "Pt1Line5d_State[0]",
        "field_type": "/Ch",
        "initial_value": "",
        "page_number": 1,
        "options": [
            " ",
            "AA",
            "AE",
            "AK",
            "AL",
            "AP",
            "AR",
            "AS",
            "AZ",
            "CA",
            "CO",
            "CT",
            "DC",
            "DE",
            "FL",
            "FM",
            "GA",
            "GU",
            "HI",
            "IA",
            "ID",
            "IL",
            "IN",
            "KS",
            "KY",
            "LA",
            "MA",
            "MD",
            "ME",
            "MH",
            "MI",
            "MN",
            "MO",
            "MP",
            "MS",
            "MT",
            "NC",
            "ND",
            "NE",
            "NH",
            "NJ",
            "NM",
            "NV",
            "NY",
            "OH",
            "OK",
            "OR",
            "PA",
            "PR",
            "PW",
            "RI",
            "SC",
            "SD",
            "TN",
            "TX",
            "UT",
            "VA",
            "VI",
            "VT",
            "WA",
            "WI",
            "WV",
            "WY"
        ],
        "description": "State"
    },
    {
        "field_name": "Pt1Line5e_ZipCode[0]",
        "field_type": "/Tx",
        "initial_value": "",
        "page_number": 1,
        "description": "Zip Code"
    },
    {
        "field_name": "Pt1Line5c_CityOrTown[0]",
        "field_type": "/Tx",
        "initial_value": "",
        "page_number": 1,
        "description": "City Or Town"
    },
    {
        "field_name": "Pt1Line5b_Unit[0]",
        "field_type": "/Btn",
        "initial_value": "",
        "page_number": 1,
        "possible_values": [
            "/ APT "
        ],
        "description": "Unit"
    },
    {
        "field_name": "Pt1Line5b_AptSteFlrNumber[0]",
        "field_type": "/Tx",
        "initial_value": "",
        "page_number": 1,
        "description": "Apt/Ste/Flr Number"
    },
    {
        "field_name": "Pt1Line5b_Unit[1]",
        "field_type": "/Btn",
        "initial_value": "",
        "page_number": 1,
        "possible_values": [
            "/ FLR "
        ],
        "description": "Unit"
    },
    {
        "field_name": "Pt1Line5b_Unit[2]",
        "field_type": "/Btn",
        "initial_value": "",
        "page_number": 1,
        "possible_values": [
            "/ STE "
        ],
        "description": "Unit"
    },
    {
        "field_name": "Pt1Line5a_StreetNumberName[0]",
        "field_type": "/Tx",
        "initial_value": "",
        "page_number": 1,
        "description": "Street Number and Name"
    },
    {
        "field_name": "P1_Line11a_ArrivalDeparture[0]",
        "field_type": "/Tx",
        "initial_value": "",
        "page_number": 1,
        "description": "Arrival/Departure"
    },
    {
        "field_name": "CheckBox1[0]",
        "field_type": "/Btn",
        "initial_value": "",
        "page_number": 1,
        "possible_values": [
            "/1"
        ],
        "description": "Yes or No"
    },
    {
        "field_name": "AttorneyStateBarNumber[0]",
        "field_type": "/Tx",
        "initial_value": "",
        "page_number": 1,
        "description": "Attorney State Bar Number"
    },
    {
        "field_name": "USCISOnlineAcctNumber[0]",
        "field_type": "/Tx",
        "initial_value": "",
        "page_number": 1,
        "description": "USCIS Online Account Number"
    },
    {
        "field_name": "P1_Line11b_Passport[0]",
        "field_type": "/Tx",
        "initial_value": "",
        "page_number": 1,
        "description": "Passport"
    },
    {
        "field_name": "PDF417BarCode1[0]",
        "field_type": "/Tx",
        "initial_value": "I-539|05/31/22|2",
        "page_number": 2,
        "description": "PDF417 Bar Code"
    },
    {
        "field_name": "P1_Line11e_ExpDate[0]",
        "field_type": "/Tx",
        "initial_value": "",
        "page_number": 2,
        "description": "Exp Date"
    },
    {
        "field_name": "P1_Line12b_DateExpires[0]",
        "field_type": "/Tx",
        "initial_value": "",
        "page_number": 2,
        "description": "Date Expires"
    },
    {
        "field_name": "P1_Checkbox12c[0]",
        "field_type": "/Btn",
        "initial_value": "",
        "page_number": 2,
        "possible_values": [
            "/Y"
        ],
        "description": "Yes or No"
    },
    {
        "field_name": "P1_Line11d_CountryOfIssuance[0]",
        "field_type": "/Tx",
        "initial_value": "",
        "page_number": 2,
        "description": "Country Of Issuance"
    },
    {
        "field_name": "P2_checkbox4[0]",
        "field_type": "/Btn",
        "initial_value": "",
        "page_number": 2,
        "possible_values": [
            "/D"
        ],
        "description": "Yes or No"
    },
    {
        "field_name": "P2_checkbox4[1]",
        "field_type": "/Btn",
        "initial_value": "",
        "page_number": 2,
        "possible_values": [
            "/E"
        ],
        "description": "Yes or No"
    },
    {
        "field_name": "P2_checkbox[0]",
        "field_type": "/Btn",
        "initial_value": "",
        "page_number": 2,
        "possible_values": [
            "/B"
        ],
        "description": "Yes or No"
    },
    {
        "field_name": "P2_checkbox[1]",
        "field_type": "/Btn",
        "initial_value": "",
        "page_number": 2,
        "possible_values": [
            "/C"
        ],
        "description": "Yes or No"
    },
    {
        "field_name": "P2_checkbox[2]",
        "field_type": "/Btn",
        "initial_value": "",
        "page_number": 2,
        "possible_values": [
            "/A"
        ],
        "description": "Yes or No"
    },
    {
        "field_name": "P2_Line5b_TotalNumber[0]",
        "field_type": "/Tx",
        "initial_value": "",
        "page_number": 2,
        "description": "Total Number"
    },
    {
        "field_name": "Pt2Line3c_NewStatus[0]",
        "field_type": "/Ch",
        "initial_value": "",
        "page_number": 2,
        "options": [
            "",
            "1B1",
            "1B2",
            "1B3",
            "1B4",
            "1B5",
            "1BS",
            "A1",
            "A2",
            "A3",
            "AS",
            "ASD",
            "AW",
            "B1",
            "B1A",
            "B1B",
            "B1C",
            "B1D",
            "B2",
            "BE",
            "C1",
            "C2",
            "C3",
            "C4",
            "CC",
            "CH",
            "CP",
            "CW1",
            "CW2",
            "D1",
            "D2",
            "DA",
            "DE",
            "DT",
            "DX",
            "E1",
            "E2",
            "E2C",
            "E3",
            "6",
            "EAO",
            "EWI",
            "F1",
            "F2",
            "FSM",
            "FUG",
            "G1",
            "G2",
            "G3",
            "G4",
            "G5",
            "GB",
            "GT",
            "H1",
            "H1A",
            "H1B",
            "H1C",
            "H2",
            "H2A",
            "H2B",
            "H2R",
            "H3",
            "H3A",
            "H3B",
            "H4",
            "HSC",
            "I",
            "IMM",
            "IN",
            "J1",
            "J1S",
            "J2",
            "J2S",
            "K1",
            "K2",
            "K3",
            "K4",
            "L1",
            "L1A",
            "L1B",
            "L2",
            "LZ",
            "M1",
            "M2",
            "MIS",
            "ML",
            "N1",
            "N2",
            "N3",
            "N4",
            "N5",
            "N6",
            "N7",
            "N8",
            "N9",
            "O1",
            "O1A",
            "O1B",
            "O2",
            "O3",
            "OP",
            "P1",
            "P1A",
            "P1B",
            "P1S",
            "P2",
            "P2S",
            "P3",
            "P3S",
            "P4",
            "PAL",
            "PAR",
            "PI",
            "Q1",
            "Q2",
            "Q3",
            "R1",
            "R2",
            "RE",
            "RE5",
            "RW",
            "S1",
            "S2",
            "S9",
            "SDF",
            "ST",
            "T1",
            "T2",
            "T3",
            "T4",
            "T5",
            "TB",
            "TC",
            "TD",
            "TN1",
            "TN2",
            "TWO",
            "U1",
            "U2",
            "U3",
            "U4",
            "U5",
            "UN",
            "UU",
            "V1",
            "V2",
            "V3",
            "WB",
            "WD",
            "WI",
            "WT",
            "X"
        ],
        "description": "New Status"
    },
    {
        "field_name": "Pt2Line3b_EffectiveDate[0]",
        "field_type": "/Tx",
        "initial_value": "",
        "page_number": 2,
        "description": "Effective Date"
    },
    {
        "field_name": "P3_Line3b_ReceiptNumber[0]",
        "field_type": "/Tx",
        "initial_value": "",
        "page_number": 2,
        "description": "Receipt Number"
    },
    {
        "field_name": "P3_Line4_NameofPetitioner[0]",
        "field_type": "/Tx",
        "initial_value": "",
        "page_number": 2,
        "description": "Name of Petitioner"
    },
    {
        "field_name": "P3_checkbox3[0]",
        "field_type": "/Btn",
        "initial_value": "",
        "page_number": 2,
        "possible_values": [
            "/N"
        ],
        "description": "Yes or No"
    },
    {
        "field_name": "P3_checkbox3[1]",
        "field_type": "/Btn",
        "initial_value": "",
        "page_number": 2,
        "possible_values": [
            "/A"
        ],
        "description": "Yes or No"
    },
    {
        "field_name": "P3_checkbox3[2]",
        "field_type": "/Btn",
        "initial_value": "",
        "page_number": 2,
        "possible_values": [
            "/B"
        ],
        "description": "Yes or No"
    },
    {
        "field_name": "P3_Line5_DateFiled[0]",
        "field_type": "/Tx",
        "initial_value": "",
        "page_number": 2,
        "description": "Date Filed"
    },
    {
        "field_name": "P3_checkbox2a[0]",
        "field_type": "/Btn",
        "initial_value": "",
        "page_number": 2,
        "possible_values": [
            "/N"
        ],
        "description": "Yes or No"
    },
    {
        "field_name": "P3_checkbox2a[1]",
        "field_type": "/Btn",
        "initial_value": "",
        "page_number": 2,
        "possible_values": [
            "/Y"
        ],
        "description": "Yes or No"
    },
    {
        "field_name": "P3_Line1a_DateExtended[0]",
        "field_type": "/Tx",
        "initial_value": "",
        "page_number": 2,
        "description": "Date Extended"
    },
    {
        "field_name": "P4_Line1b_ExpirationDate[0]",
        "field_type": "/Tx",
        "initial_value": "",
        "page_number": 2,
        "description": "Expiration Date"
    },
    {
        "field_name": "P4_Line1a_CountryOfIssuance[0]",
        "field_type": "/Tx",
        "initial_value": "",
        "page_number": 2,
        "description": "Country Of Issuance"
    },
    {
        "field_name": "P4_Line1a_CountryOfIssuance[1]",
        "field_type": "/Tx",
        "initial_value": "",
        "page_number": 2,
        "description": "Country Of Issuance"
    },
    {
        "field_name": "P4_Line2a_StreetNumberName_Foreign[0]",
        "field_type": "/Tx",
        "initial_value": "",
        "page_number": 2,
        "description": "Street Number and Name (Foreign)"
    },
    {
        "field_name": "P4_Line2d_Province_Foreign[0]",
        "field_type": "/Tx",
        "initial_value": "",
        "page_number": 2,
        "description": "Province (Foreign)"
    },
    {
        "field_name": "P4_Line2c_CityOrTown_Foreign[0]",
        "field_type": "/Tx",
        "initial_value": "",
        "page_number": 2,
        "description": "City Or Town (Foreign)"
    },
    {
        "field_name": "P4_Line2c_Unit_Foreign[0]",
        "field_type": "/Btn",
        "initial_value": "",
        "page_number": 2,
        "possible_values": [
            "/ STE "
        ],
        "description": "Unit (Foreign)"
    },
    {
        "field_name": "P4_Line2c_Unit_Foreign[1]",
        "field_type": "/Btn",
        "initial_value": "",
        "page_number": 2,
        "possible_values": [
            "/ FLR "
        ],
        "description": "Unit (Foreign)"
    },
    {
        "field_name": "P4_Line2b_AptSteFlrNumber_Foreign[0]",
        "field_type": "/Tx",
        "initial_value": "",
        "page_number": 2,
        "description": "Apt/Ste/Flr Number (Foreign)"
    },
    {
        "field_name": "P4_Line2c_Unit_Foreign[2]",
        "field_type": "/Btn",
        "initial_value": "",
        "page_number": 2,
        "possible_values": [
            "/ APT "
        ],
        "description": "Unit (Foreign)"
    },
    {
        "field_name": "P4_Line2f_Country_Foreign[0]",
        "field_type": "/Tx",
        "initial_value": "",
        "page_number": 2,
        "description": "Country (Foreign)"
    },
    {
        "field_name": "P4_Line2e_PostalCode_Foreign[0]",
        "field_type": "/Tx",
        "initial_value": "",
        "page_number": 2,
        "description": "Postal Code (Foreign)"
    },
    {
        "field_name": "P1_Line11c_TravelDoc[0]",
        "field_type": "/Tx",
        "initial_value": "",
        "page_number": 2,
        "description": "Travel Doc"
    },
    {
        "field_name": "P3_Line2b_ReceiptNumber[0]",
        "field_type": "/Tx",
        "initial_value": "",
        "page_number": 2,
        "description": "Receipt Number"
    },
    {
        "field_name": "Pt1Line15a_NewStatus[0]",
        "field_type": "/Ch",
        "initial_value": "",
        "page_number": 2,
        "options": [
            "",
            "1B1",
            "1B2",
            "1B3",
            "1B4",
            "1B5",
            "1BS",
            "A1",
            "A2",
            "A3",
            "AS",
            "ASD",
            "AW",
            "B1",
            "B1A",
            "B1B",
            "B1C",
            "B1D",
            "B2",
            "BE",
            "C1",
            "C2",
            "C3",
            "C4",
            "CC",
            "CH",
            "CP",
            "CW1",
            "CW2",
            "D1",
            "D2",
            "DA",
            "DE",
            "DT",
            "DX",
            "E1",
            "E2",
            "E2C",
            "E3",
            "0",
            "EAO",
            "EWI",
            "F1",
            "F2",
            "FSM",
            "FUG",
            "G1",
            "G2",
            "G3",
            "G4",
            "G5",
            "GB",
            "GT",
            "H1",
            "H1A",
            "H1B",
            "H1C",
            "H2",
            "H2A",
            "H2B",
            "H2R",
            "H3",
            "H3A",
            "H3B",
            "H4",
            "HSC",
            "I",
            "IMM",
            "IN",
            "J1",
            "J1S",
            "J2",
            "J2S",
            "K1",
            "K2",
            "K3",
            "K4",
            "L1",
            "L1A",
            "L1B",
            "L2",
            "LZ",
            "M1",
            "M2",
            "MIS",
            "ML",
            "N1",
            "N2",
            "N3",
            "N4",
            "N5",
            "N6",
            "N7",
            "N8",
            "N9",
            "O1",
            "O1A",
            "O1B",
            "O2",
            "O3",
            "OP",
            "P1",
            "P1A",
            "P1B",
            "P1S",
            "P2",
            "P2S",
            "P3",
            "P3S",
            "P4",
            "PAL",
            "PAR",
            "PI",
            "Q1",
            "1",
            "Q3",
            "R1",
            "R2",
            "RE",
            "RE5",
            "RW",
            "S1",
            "S2",
            "S9",
            "SDF",
            "ST",
            "T1",
            "T2",
            "T3",
            "T4",
            "T5",
            "TB",
            "TC",
            "TD",
            "TN1",
            "TN2",
            "TWO",
            "U1",
            "U2",
            "U3",
            "U4",
            "U5",
            "UN",
            "UU",
            "V1",
            "V2",
            "V3",
            "WB",
            "WD",
            "WI",
            "WT",
            "X"
        ],
        "description": "New Status"
    },
    {
        "field_name": "PDF417BarCode1[0]",
        "field_type": "/Tx",
        "initial_value": "I-539|05/31/22|3",
        "page_number": 3,
        "description": "PDF417 Bar Code"
    },
    {
        "field_name": "P4_checkbox3_No[0]",
        "field_type": "/Btn",
        "initial_value": "",
        "page_number": 3,
        "possible_values": [
            "/Y"
        ],
        "description": "No"
    },
    {
        "field_name": "P4_checkbox3_Yes[0]",
        "field_type": "/Btn",
        "initial_value": "",
        "page_number": 3,
        "possible_values": [
            "/Y"
        ],
        "description": "Yes"
    },
    {
        "field_name": "P4_checkbox5_No[0]",
        "field_type": "/Btn",
        "initial_value": "",
        "page_number": 3,
        "possible_values": [
            "/Y"
        ],
        "description": "No"
    },
    {
        "field_name": "P4_checkbox5_Yes[0]",
        "field_type": "/Btn",
        "initial_value": "",
        "page_number": 3,
        "possible_values": [
            "/Y"
        ],
        "description": "Yes"
    },
    {
        "field_name": "P4_checkbox6_Yes[0]",
        "field_type": "/Btn",
        "initial_value": "",
        "page_number": 3,
        "possible_values": [
            "/Y"
        ],
        "description": "Yes"
    },
    {
        "field_name": "P4_checkbox6_No[0]",
        "field_type": "/Btn",
        "initial_value": "",
        "page_number": 3,
        "possible_values": [
            "/Y"
        ],
        "description": "No"
    },
    {
        "field_name": "P4_checkbox4_Yes[0]",
        "field_type": "/Btn",
        "initial_value": "",
        "page_number": 3,
        "possible_values": [
            "/Y"
        ],
        "description": "Yes"
    },
    {
        "field_name": "P4_checkbox4_No[0]",
        "field_type": "/Btn",
        "initial_value": "",
        "page_number": 3,
        "possible_values": [
            "/Y"
        ],
        "description": "No"
    },
    {
        "field_name": "P4_checkbox15_Yes[0]",
        "field_type": "/Btn",
        "initial_value": "",
        "page_number": 3,
        "possible_values": [
            "/Y"
        ],
        "description": "Yes"
    },
    {
        "field_name": "P4_checkbox15_No[0]",
        "field_type": "/Btn",
        "initial_value": "",
        "page_number": 3,
        "possible_values": [
            "/Y"
        ],
        "description": "No"
    },
    {
        "field_name": "P4_checkbox16_Yes[0]",
        "field_type": "/Btn",
        "initial_value": "",
        "page_number": 3,
        "possible_values": [
            "/Y"
        ],
        "description": "Yes"
    },
    {
        "field_name": "P4_checkbox16_No[0]",
        "field_type": "/Btn",
        "initial_value": "",
        "page_number": 3,
        "possible_values": [
            "/Y"
        ],
        "description": "No"
    },
    {
        "field_name": "P4_checkbox17_Yes[0]",
        "field_type": "/Btn",
        "initial_value": "",
        "page_number": 3,
        "possible_values": [
            "/Y"
        ],
        "description": "Yes"
    },
    {
        "field_name": "P4_checkbox17_No[0]",
        "field_type": "/Btn",
        "initial_value": "",
        "page_number": 3,
        "possible_values": [
            "/Y"
        ],
        "description": "No"
    },
    {
        "field_name": "P4_checkbox18_Yes[0]",
        "field_type": "/Btn",
        "initial_value": "",
        "page_number": 3,
        "possible_values": [
            "/Y"
        ],
        "description": "Yes"
    },
    {
        "field_name": "P4_checkbox18_No[0]",
        "field_type": "/Btn",
        "initial_value": "",
        "page_number": 3,
        "possible_values": [
            "/Y"
        ],
        "description": "No"
    },
    {
        "field_name": "P4_checkbox10_No[0]",
        "field_type": "/Btn",
        "initial_value": "",
        "page_number": 3,
        "possible_values": [
            "/Y"
        ],
        "description": "No"
    },
    {
        "field_name": "P4_checkbox10_Yes[0]",
        "field_type": "/Btn",
        "initial_value": "",
        "page_number": 3,
        "possible_values": [
            "/Y"
        ],
        "description": "Yes"
    },
    {
        "field_name": "P4_checkbox9_No[0]",
        "field_type": "/Btn",
        "initial_value": "",
        "page_number": 3,
        "possible_values": [
            "/Y"
        ],
        "description": "No"
    },
    {
        "field_name": "P4_checkbox9_Yes[0]",
        "field_type": "/Btn",
        "initial_value": "",
        "page_number": 3,
        "possible_values": [
            "/Y"
        ],
        "description": "Yes"
    },
    {
        "field_name": "P4_checkbox8_No[0]",
        "field_type": "/Btn",
        "initial_value": "",
        "page_number": 3,
        "possible_values": [
            "/Y"
        ],
        "description": "No"
    },
    {
        "field_name": "P4_checkbox8_Yes[0]",
        "field_type": "/Btn",
        "initial_value": "",
        "page_number": 3,
        "possible_values": [
            "/Y"
        ],
        "description": "Yes"
    },
    {
        "field_name": "P4_checkbox7_No[0]",
        "field_type": "/Btn",
        "initial_value": "",
        "page_number": 3,
        "possible_values": [
            "/Y"
        ],
        "description": "No"
    },
    {
        "field_name": "P4_checkbox7_Yes[0]",
        "field_type": "/Btn",
        "initial_value": "",
        "page_number": 3,
        "possible_values": [
            "/Y"
        ],
        "description": "Yes"
    },
    {
        "field_name": "P4_checkbox11_Yes[0]",
        "field_type": "/Btn",
        "initial_value": "",
        "page_number": 3,
        "possible_values": [
            "/Y"
        ],
        "description": "Yes"
    },
    {
        "field_name": "P4_checkbox11_No[0]",
        "field_type": "/Btn",
        "initial_value": "",
        "page_number": 3,
        "possible_values": [
            "/Y"
        ],
        "description": "No"
    },
    {
        "field_name": "P4_checkbox14_Yes[0]",
        "field_type": "/Btn",
        "initial_value": "",
        "page_number": 3,
        "possible_values": [
            "/Y"
        ],
        "description": "Yes"
    },
    {
        "field_name": "P4_checkbox14_No[0]",
        "field_type": "/Btn",
        "initial_value": "",
        "page_number": 3,
        "possible_values": [
            "/Y"
        ],
        "description": "No"
    },
    {
        "field_name": "P4_checkbox12_Yes[0]",
        "field_type": "/Btn",
        "initial_value": "",
        "page_number": 3,
        "possible_values": [
            "/Y"
        ],
        "description": "Yes"
    },
    {
        "field_name": "P4_checkbox12_No[0]",
        "field_type": "/Btn",
        "initial_value": "",
        "page_number": 3,
        "possible_values": [
            "/Y"
        ],
        "description": "No"
    },
    {
        "field_name": "P4_checkbox13_No[0]",
        "field_type": "/Btn",
        "initial_value": "",
        "page_number": 3,
        "possible_values": [
            "/Y"
        ],
        "description": "No"
    },
    {
        "field_name": "P4_checkbox13_Yes[0]",
        "field_type": "/Btn",
        "initial_value": "",
        "page_number": 3,
        "possible_values": [
            "/Y"
        ],
        "description": "Yes"
    },
    {
        "field_name": "P4_checkbox19_No[0]",
        "field_type": "/Btn",
        "initial_value": "",
        "page_number": 3,
        "possible_values": [
            "/Y"
        ],
        "description": "No"
    },
    {
        "field_name": "P4_checkbox19_Yes[0]",
        "field_type": "/Btn",
        "initial_value": "",
        "page_number": 3,
        "possible_values": [
            "/Y"
        ],
        "description": "Yes"
    },
    {
        "field_name": "P4_checkbox20_Yes[0]",
        "field_type": "/Btn",
        "initial_value": "",
        "page_number": 3,
        "possible_values": [
            "/Y"
        ],
        "description": "Yes"
    },
    {
        "field_name": "P4_checkbox20_No[0]",
        "field_type": "/Btn",
        "initial_value": "",
        "page_number": 3,
        "possible_values": [
            "/Y"
        ],
        "description": "No"
    },
    {
        "field_name": "PDF417BarCode1[0]",
        "field_type": "/Tx",
        "initial_value": "I-539|05/31/22|4",
        "page_number": 4,
        "description": "PDF417 Bar Code"
    },
    {
        "field_name": "Part5[0]",
        "field_type": "/Btn",
        "initial_value": "",
        "page_number": 4,
        "possible_values": [
            "/A"
        ],
        "description": "Part 5"
    },
    {
        "field_name": "Part5[1]",
        "field_type": "/Btn",
        "initial_value": "",
        "page_number": 4,
        "possible_values": [
            "/B"
        ],
        "description": "Part 5"
    },
    {
        "field_name": "P5_Line1b_NameofInterpreter[0]",
        "field_type": "/Tx",
        "initial_value": "",
        "page_number": 4,
        "description": "Name of Interpreter"
    },
    {
        "field_name": "P5_Checkbox2[0]",
        "field_type": "/Btn",
        "initial_value": "",
        "page_number": 4,
        "possible_values": [
            "/C"
        ],
        "description": "Yes or No"
    },
    {
        "field_name": "P5_Line2_Name[0]",
        "field_type": "/Tx",
        "initial_value": "",
        "page_number": 4,
        "description": "Name"
    },
    {
        "field_name": "P5_Line4_DaytimePhoneNumber[0]",
        "field_type": "/Tx",
        "initial_value": "",
        "page_number": 4,
        "description": "Daytime Phone Number"
    },
    {
        "field_name": "P5_Line6_Email[0]",
        "field_type": "/Tx",
        "initial_value": "",
        "page_number": 4,
        "description": "Email"
    },
    {
        "field_name": "P5_Line5_MobileNumber[0]",
        "field_type": "/Tx",
        "initial_value": "",
        "page_number": 4,
        "description": "Mobile Number"
    },
    {
        "field_name": "P5_Line3b_DateofSignature[0]",
        "field_type": "/Tx",
        "initial_value": "",
        "page_number": 4,
        "description": "Date of Signature"
    },
    {
        "field_name": "P5_Line3a_SignatureofApplicant[0]",
        "field_type": "/Tx",
        "initial_value": "",
        "page_number": 4,
        "description": "Signature of Applicant"
    },
    {
        "field_name": "P6_Line1b_InterpreterGivenName[0]",
        "field_type": "/Tx",
        "initial_value": "",
        "page_number": 4,
        "description": "Interpreter Given Name"
    },
    {
        "field_name": "P6_Line1a_InterpreterFamilyName[0]",
        "field_type": "/Tx",
        "initial_value": "",
        "page_number": 4,
        "description": "Interpreter Family Name"
    },
    {
        "field_name": "P6_Line2_NameofBusinessorOrgName[0]",
        "field_type": "/Tx",
        "initial_value": "",
        "page_number": 4,
        "description": "Name of Business or Org Name"
    },
    {
        "field_name": "PDF417BarCode1[0]",
        "field_type": "/Tx",
        "initial_value": "I-539|05/31/22|5",
        "page_number": 5,
        "description": "PDF417 Bar Code"
    },
    {
        "field_name": "P6_Line3c_CityTown[0]",
        "field_type": "/Tx",
        "initial_value": "",
        "page_number": 5,
        "description": "City or Town"
    },
    {
        "field_name": "P6_Line3a_StreetNumberName[0]",
        "field_type": "/Tx",
        "initial_value": "",
        "page_number": 5,
        "description": "Street Number and Name"
    },
    {
        "field_name": "P6_Line3b_Unit[0]",
        "field_type": "/Btn",
        "initial_value": "",
        "page_number": 5,
        "possible_values": [
            "/ STE "
        ],
        "description": "Unit"
    },
    {
        "field_name": "P6_Line3b_Unit[1]",
        "field_type": "/Btn",
        "initial_value": "",
        "page_number": 5,
        "possible_values": [
            "/ FLR "
        ],
        "description": "Unit"
    },
    {
        "field_name": "P6_Line3b_AptSteFlrNumber[0]",
        "field_type": "/Tx",
        "initial_value": "",
        "page_number": 5,
        "description": "Apt/Ste/Flr Number"
    },
    {
        "field_name": "P6_Line3b_Unit[2]",
        "field_type": "/Btn",
        "initial_value": "",
        "page_number": 5,
        "possible_values": [
            "/ APT "
        ],
        "description": "Unit"
    },
    {
        "field_name": "P6_Line3g_PostalCode[0]",
        "field_type": "/Tx",
        "initial_value": "",
        "page_number": 5,
        "description": "Postal Code"
    },
    {
        "field_name": "P6_Line3e_ZipCode[0]",
        "field_type": "/Tx",
        "initial_value": "",
        "page_number": 5,
        "description": "Zip Code"
    },
    {
        "field_name": "P6_Line3d_State[0]",
        "field_type": "/Ch",
        "initial_value": "",
        "page_number": 5,
        "options": [
            " ",
            "AA",
            "AE",
            "AK",
            "AL",
            "AP",
            "AR",
            "AS",
            "AZ",
            "CA",
            "CO",
            "CT",
            "DC",
            "DE",
            "FL",
            "FM",
            "GA",
            "GU",
            "HI",
            "IA",
            "ID",
            "IL",
            "IN",
            "KS",
            "KY",
            "LA",
            "MA",
            "MD",
            "ME",
            "MH",
            "MI",
            "MN",
            "MO",
            "MP",
            "MS",
            "MT",
            "NC",
            "ND",
            "NE",
            "NH",
            "NJ",
            "NM",
            "NV",
            "NY",
            "OH",
            "OK",
            "OR",
            "PA",
            "PR",
            "PW",
            "RI",
            "SC",
            "SD",
            "TN",
            "TX",
            "UT",
            "VA",
            "VI",
            "VT",
            "WA",
            "WI",
            "WV",
            "WY"
        ],
        "description": "State"
    },
    {
        "field_name": "P6_Line3h_Country[0]",
        "field_type": "/Tx",
        "initial_value": "",
        "page_number": 5,
        "description": "Country"
    },
    {
        "field_name": "P6_Line3f_Province[0]",
        "field_type": "/Tx",
        "initial_value": "",
        "page_number": 5,
        "description": "Province"
    },
    {
        "field_name": "P6_Line5_EmailAddress[0]",
        "field_type": "/Tx",
        "initial_value": "",
        "page_number": 5,
        "description": "Email Address"
    },
    {
        "field_name": "P6_Line4_DaytimePhoneNumber[0]",
        "field_type": "/Tx",
        "initial_value": "",
        "page_number": 5,
        "description": "Daytime Phone Number"
    },
    {
        "field_name": "P6_Line4_DaytimePhoneNumber[1]",
        "field_type": "/Tx",
        "initial_value": "",
        "page_number": 5,
        "description": "Daytime Phone Number"
    },
    {
        "field_name": "P6_ForeignLanguage[0]",
        "field_type": "/Tx",
        "initial_value": "",
        "page_number": 5,
        "description": "Foreign Language"
    },
    {
        "field_name": "P7_Line1a_PreparerFamilyName[0]",
        "field_type": "/Tx",
        "initial_value": "",
        "page_number": 5,
        "description": "Preparer Family Name"
    },
    {
        "field_name": "P7_Line1b_PreparerGivenName[0]",
        "field_type": "/Tx",
        "initial_value": "",
        "page_number": 5,
        "description": "Preparer Given Name"
    },
    {
        "field_name": "P7_Line2_BusinessName[0]",
        "field_type": "/Tx",
        "initial_value": "",
        "page_number": 5,
        "description": "Business Name"
    },
    {
        "field_name": "P7_Line3g_PostalCode[0]",
        "field_type": "/Tx",
        "initial_value": "",
        "page_number": 5,
        "description": "Postal Code"
    },
    {
        "field_name": "P7_Line3h_Country[0]",
        "field_type": "/Tx",
        "initial_value": "",
        "page_number": 5,
        "description": "Country"
    },
    {
        "field_name": "P7_Line3f_Province[0]",
        "field_type": "/Tx",
        "initial_value": "",
        "page_number": 5,
        "description": "Province"
    },
    {
        "field_name": "P7_Line6_EmailAddress[0]",
        "field_type": "/Tx",
        "initial_value": "",
        "page_number": 5,
        "description": "Email Address"
    },
    {
        "field_name": "P7_Line4_PreparerDaytimePhoneNumber[0]",
        "field_type": "/Tx",
        "initial_value": "",
        "page_number": 5,
        "description": "Preparer Daytime Phone Number"
    },
    {
        "field_name": "P7_Line5_FaxPhoneNumber[0]",
        "field_type": "/Tx",
        "initial_value": "",
        "page_number": 5,
        "description": "Fax Phone Number"
    },
    {
        "field_name": "P7_Line3c_CityTown[0]",
        "field_type": "/Tx",
        "initial_value": "",
        "page_number": 5,
        "description": "City or Town"
    },
    {
        "field_name": "P7_Line3a_StreetNumberName[0]",
        "field_type": "/Tx",
        "initial_value": "",
        "page_number": 5,
        "description": "Street Number and Name"
    },
    {
        "field_name": "P7_Line3b_Unit[0]",
        "field_type": "/Btn",
        "initial_value": "",
        "page_number": 5,
        "possible_values": [
            "/ STE "
        ],
        "description": "Unit"
    },
    {
        "field_name": "P7_Line3b_Unit[1]",
        "field_type": "/Btn",
        "initial_value": "",
        "page_number": 5,
        "possible_values": [
            "/ FLR "
        ],
        "description": "Unit"
    },
    {
        "field_name": "P7_Line3b_AptSteFlrNumber[0]",
        "field_type": "/Tx",
        "initial_value": "",
        "page_number": 5,
        "description": "Apt/Ste/Flr Number"
    },
    {
        "field_name": "P7_Line3b_Unit[2]",
        "field_type": "/Btn",
        "initial_value": "",
        "page_number": 5,
        "possible_values": [
            "/ APT "
        ],
        "description": "Unit"
    },
    {
        "field_name": "P7_Line3e_ZipCode[0]",
        "field_type": "/Tx",
        "initial_value": "",
        "page_number": 5,
        "description": "Zip Code"
    },
    {
        "field_name": "P7_Line3d_State[0]",
        "field_type": "/Ch",
        "initial_value": "",
        "page_number": 5,
        "options": [
            " ",
            "AA",
            "AE",
            "AK",
            "AL",
            "AP",
            "AR",
            "AS",
            "AZ",
            "CA",
            "CO",
            "CT",
            "DC",
            "DE",
            "FL",
            "FM",
            "GA",
            "GU",
            "HI",
            "IA",
            "ID",
            "IL",
            "IN",
            "KS",
            "KY",
            "LA",
            "MA",
            "MD",
            "ME",
            "MH",
            "MI",
            "MN",
            "MO",
            "MP",
            "MS",
            "MT",
            "NC",
            "ND",
            "NE",
            "NH",
            "NJ",
            "NM",
            "NV",
            "NY",
            "OH",
            "OK",
            "OR",
            "PA",
            "PR",
            "PW",
            "RI",
            "SC",
            "SD",
            "TN",
            "TX",
            "UT",
            "VA",
            "VI",
            "VT",
            "WA",
            "WI",
            "WV",
            "WY"
        ],
        "description": "State"
    },
    {
        "field_name": "P6_Line6b_DateofSignature[0]",
        "field_type": "/Tx",
        "initial_value": "",
        "page_number": 5,
        "description": "Date of Signature"
    },
    {
        "field_name": "P6_Line6a_Signature[0]",
        "field_type": "/Tx",
        "initial_value": "",
        "page_number": 5,
        "description": "Signature"
    },
    {
        "field_name": "PDF417BarCode1[0]",
        "field_type": "/Tx",
        "initial_value": "I-539|05/31/22|6",
        "page_number": 6,
        "description": "PDF417 Bar Code"
    },
    {
        "field_name": "P4_Line7_Checkbox[0]",
        "field_type": "/Btn",
        "initial_value": "",
        "page_number": 6,
        "possible_values": [
            "/A"
        ],
        "description": "Yes or No"
    },
    {
        "field_name": "P4_Line7_Checkbox[1]",
        "field_type": "/Btn",
        "initial_value": "",
        "page_number": 6,
        "possible_values": [
            "/B"
        ],
        "description": "Yes or No"
    },
    {
        "field_name": "P7_Line7b_extends[0]",
        "field_type": "/Btn",
        "initial_value": "",
        "page_number": 6,
        "possible_values": [
            "/1"
        ],
        "description": "Yes or No"
    },
    {
        "field_name": "P7_Line7b_notextends[0]",
        "field_type": "/Btn",
        "initial_value": "",
        "page_number": 6,
        "possible_values": [
            "/2"
        ],
        "description": "Yes or No"
    },
    {
        "field_name": "P7_Line8a_SignatureofPreparer[0]",
        "field_type": "/Tx",
        "initial_value": "",
        "page_number": 6,
        "description": "Signature of Preparer"
    },
    {
        "field_name": "P7_Line8b_DateofSignature[0]",
        "field_type": "/Tx",
        "initial_value": "",
        "page_number": 6,
        "description": "Date of Signature"
    },
    {
        "field_name": "PDF417BarCode1[0]",
        "field_type": "/Tx",
        "initial_value": "I-539|05/31/22|7",
        "page_number": 7,
        "description": "PDF417 Bar Code"
    },
    {
        "field_name": "Pt8Line3a_PageNumber[0]",
        "field_type": "/Tx",
        "initial_value": "",
        "page_number": 7,
        "description": "Page Number"
    },
    {
        "field_name": "Pt8Line3b_PartNumber[0]",
        "field_type": "/Tx",
        "initial_value": "",
        "page_number": 7,
        "description": "Part Number"
    },
    {
        "field_name": "Pt8Line3c_ItemNumber[0]",
        "field_type": "/Tx",
        "initial_value": "",
        "page_number": 7,
        "description": "Item Number"
    },
    {
        "field_name": "Pt8Line3d_AdditionalInfo[0]",
        "field_type": "/Tx",
        "initial_value": "",
        "page_number": 7,
        "description": "Additional Information"
    },
    {
        "field_name": "Pt8Line4a_PageNumber[0]",
        "field_type": "/Tx",
        "initial_value": "",
        "page_number": 7,
        "description": "Page Number"
    },
    {
        "field_name": "Pt8Line4b_PartNumber[0]",
        "field_type": "/Tx",
        "initial_value": "",
        "page_number": 7,
        "description": "Part Number"
    },
    {
        "field_name": "Pt8Line4c_ItemNumber[0]",
        "field_type": "/Tx",
        "initial_value": "",
        "page_number": 7,
        "description": "Item Number"
    },
    {
        "field_name": "Pt8Line4d_AdditionalInfo[0]",
        "field_type": "/Tx",
        "initial_value": "",
        "page_number": 7,
        "description": "Additional Information"
    },
    {
        "field_name": "Pt1Line1a_FamilyName[1]",
        "field_type": "/Tx",
        "initial_value": "",
        "page_number": 7,
        "description": "Family Name"
    },
    {
        "field_name": "Pt1Line1b_GivenName[1]",
        "field_type": "/Tx",
        "initial_value": "",
        "page_number": 7,
        "description": "Given Name"
    },
    {
        "field_name": "Pt1Line1c_MiddleName[1]",
        "field_type": "/Tx",
        "initial_value": "",
        "page_number": 7,
        "description": "Middle Name"
    },
    {
        "field_name": "Pt1Line2_AlienNumber[1]",
        "field_type": "/Tx",
        "initial_value": "",
        "page_number": 7,
        "description": "Alien Number"
    },
    {
        "field_name": "Pt8Line5a_PageNumber[0]",
        "field_type": "/Tx",
        "initial_value": "",
        "page_number": 7,
        "description": "Page Number"
    },
    {
        "field_name": "Pt8Line5b_PartNumber[0]",
        "field_type": "/Tx",
        "initial_value": "",
        "page_number": 7,
        "description": "Part Number"
    },
    {
        "field_name": "Pt8Line5c_ItemNumber[0]",
        "field_type": "/Tx",
        "initial_value": "",
        "page_number": 7,
        "description": "Item Number"
    },
    {
        "field_name": "Pt8Line5d_AdditionalInfo[0]",
        "field_type": "/Tx",
        "initial_value": "",
        "page_number": 7,
        "description": "Additional Information"
    },
    {
        "field_name": "Pt8Line6a_PageNumber[0]",
        "field_type": "/Tx",
        "initial_value": "",
        "page_number": 7,
        "description": "Page Number"
    },
    {
        "field_name": "Pt8Line6b_PartNumber[0]",
        "field_type": "/Tx",
        "initial_value": "",
        "page_number": 7,
        "description": "Part Number"
    },
    {
        "field_name": "Pt8Line6c_ItemNumber[0]",
        "field_type": "/Tx",
        "initial_value": "",
        "page_number": 7,
        "description": "Item Number"
    },
    {
        "field_name": "Pt8Line6d_AdditionalInfo[0]",
        "field_type": "/Tx",
        "initial_value": "",
        "page_number": 7,
        "description": "Additional Information"
    },
    {
        "field_name": "Pt8Line7a_PageNumber[0]",
        "field_type": "/Tx",
        "initial_value": "",
        "page_number": 7,
        "description": "Page Number"
    },
    {
        "field_name": "Pt8Line7b_PartNumber[0]",
        "field_type": "/Tx",
        "initial_value": "",
        "page_number": 7,
        "description": "Part Number"
    },
    {
        "field_name": "Pt8Line7c_ItemNumber[0]",
        "field_type": "/Tx",
        "initial_value": "",
        "page_number": 7,
        "description": "Item Number"
    },
    {
        "field_name": "Pt8Line7d_AdditionalInfo[0]",
        "field_type": "/Tx",
        "initial_value": "",
        "page_number": 7,
        "description": "Additional Information"
    }
]