[
    {
        "field_name": "PDF417BarCode1[0]",
        "field_type": "/Tx",
        "initial_value": "I-907|11/03/22|1",
        "page_number": 1
    },
    {
        "field_name": "USCISOnlineAcctNumber[0]",
        "field_type": "/Tx",
        "initial_value": "",
        "page_number": 1
    },
    {
        "field_name": "Pt1Line3_GivenName[0]",
        "field_type": "/Tx",
        "initial_value": "",
        "page_number": 1
    },
    {
        "field_name": "Pt1Line3_FamilyName[0]",
        "field_type": "/Tx",
        "initial_value": "",
        "page_number": 1
    },
    {
        "field_name": "Pt1Line3_MiddleName[0]",
        "field_type": "/Tx",
        "initial_value": "",
        "page_number": 1
    },
    {
        "field_name": "Pt1Line1_AlienRegistrationNumber[0]",
        "field_type": "/Tx",
        "initial_value": "",
        "page_number": 1
    },
    {
        "field_name": "Part1_Line5_MailingAddress_StreetNumberName[0]",
        "field_type": "/Tx",
        "initial_value": "",
        "page_number": 1
    },
    {
        "field_name": "Part1_Line5_MailingAddress_CityTown[0]",
        "field_type": "/Tx",
        "initial_value": "",
        "page_number": 1
    },
    {
        "field_name": "Part1_Line5_MailingAddress_Unit[0]",
        "field_type": "/Btn",
        "initial_value": "",
        "page_number": 1,
        "possible_values": [
            "/ STE "
        ]
    },
    {
        "field_name": "Part1_Line5_MailingAddress_Unit[1]",
        "field_type": "/Btn",
        "initial_value": "",
        "page_number": 1,
        "possible_values": [
            "/ FLR "
        ]
    },
    {
        "field_name": "Part1_Line5_MailingAddress_AptSteFlrNumber[0]",
        "field_type": "/Tx",
        "initial_value": "",
        "page_number": 1
    },
    {
        "field_name": "Part1_Line5_MailingAddress_Unit[2]",
        "field_type": "/Btn",
        "initial_value": "",
        "page_number": 1,
        "possible_values": [
            "/ APT "
        ]
    },
    {
        "field_name": "Pt1Line5_MailingAddress_ZipCode[0]",
        "field_type": "/Tx",
        "initial_value": "",
        "page_number": 1
    },
    {
        "field_name": "Part1_Line5_MailingAddress_State[0]",
        "field_type": "/Ch",
        "initial_value": "",
        "page_number": 1,
        "options": [
            " ",
            "AA",
            "AE",
            "AK",
            "AL",
            "AP",
            "AR",
            "AS",
            "AZ",
            "CA",
            "CO",
            "CT",
            "DC",
            "DE",
            "FL",
            "FM",
            "GA",
            "GU",
            "HI",
            "IA",
            "ID",
            "IL",
            "IN",
            "KS",
            "KY",
            "LA",
            "MA",
            "MD",
            "ME",
            "MH",
            "MI",
            "MN",
            "MO",
            "MP",
            "MS",
            "MT",
            "NC",
            "ND",
            "NE",
            "NH",
            "NJ",
            "NM",
            "NV",
            "NY",
            "OH",
            "OK",
            "OR",
            "PA",
            "PR",
            "PW",
            "RI",
            "SC",
            "SD",
            "TN",
            "TX",
            "UT",
            "VA",
            "VI",
            "VT",
            "WA",
            "WI",
            "WV",
            "WY"
        ]
    },
    {
        "field_name": "Part1_Line5_MailingAddress_InCareofName[0]",
        "field_type": "/Tx",
        "initial_value": "",
        "page_number": 1
    },
    {
        "field_name": "Part1_Line5_MailingAddress_Province[0]",
        "field_type": "/Tx",
        "initial_value": "",
        "page_number": 1
    },
    {
        "field_name": "Part1_Line5_MailingAddress_PostalCode[0]",
        "field_type": "/Tx",
        "initial_value": "",
        "page_number": 1
    },
    {
        "field_name": "Part1_Line5_MailingAddress_Country[0]",
        "field_type": "/Tx",
        "initial_value": "",
        "page_number": 1
    },
    {
        "field_name": "Part1_Line6_CompanyorOrganizationName[0]",
        "field_type": "/Tx",
        "initial_value": "",
        "page_number": 1
    },
    {
        "field_name": "Part1Line5_Checkbox[0]",
        "field_type": "/Btn",
        "initial_value": "",
        "page_number": 1,
        "possible_values": [
            "/Y"
        ]
    },
    {
        "field_name": "Part1Line5_Checkbox[1]",
        "field_type": "/Btn",
        "initial_value": "",
        "page_number": 1,
        "possible_values": [
            "/N"
        ]
    },
    {
        "field_name": "CheckBox1[0]",
        "field_type": "/Btn",
        "initial_value": "",
        "page_number": 1,
        "possible_values": [
            "/1"
        ]
    },
    {
        "field_name": "AttyStateBarNumber[0]",
        "field_type": "/Tx",
        "initial_value": "",
        "page_number": 1
    },
    {
        "field_name": "Pt2Line2_USCISOnlineActNumber[0]",
        "field_type": "/Tx",
        "initial_value": "",
        "page_number": 1
    },
    {
        "field_name": "PDF417BarCode1[0]",
        "field_type": "/Tx",
        "initial_value": "I-907|11/03/22|2",
        "page_number": 2
    },
    {
        "field_name": "Part1_Line11_CheckBox[0]",
        "field_type": "/Btn",
        "initial_value": "",
        "page_number": 2,
        "possible_values": [
            "/C"
        ]
    },
    {
        "field_name": "Part1_Line11_CheckBox[1]",
        "field_type": "/Btn",
        "initial_value": "",
        "page_number": 2,
        "possible_values": [
            "/D"
        ]
    },
    {
        "field_name": "Part1_Line11_CheckBox[2]",
        "field_type": "/Btn",
        "initial_value": "",
        "page_number": 2,
        "possible_values": [
            "/A"
        ]
    },
    {
        "field_name": "Part1_Line11_CheckBox[3]",
        "field_type": "/Btn",
        "initial_value": "",
        "page_number": 2,
        "possible_values": [
            "/B"
        ]
    },
    {
        "field_name": "P2_Line2_ReceiptNumberof[0]",
        "field_type": "/Tx",
        "initial_value": "",
        "page_number": 2
    },
    {
        "field_name": "P2_Line1_FormNumberof[0]",
        "field_type": "/Tx",
        "initial_value": "",
        "page_number": 2
    },
    {
        "field_name": "P2_Line2_ClassorEligRequested[0]",
        "field_type": "/Tx",
        "initial_value": "",
        "page_number": 2
    },
    {
        "field_name": "Part2_Line4_PetitionerApplicantGivenName[0]",
        "field_type": "/Tx",
        "initial_value": "",
        "page_number": 2
    },
    {
        "field_name": "Part2_Line4_PetitionerApplicantFamilyName[0]",
        "field_type": "/Tx",
        "initial_value": "",
        "page_number": 2
    },
    {
        "field_name": "Part2_Line4_PetitionerApplicantMiddleName[0]",
        "field_type": "/Tx",
        "initial_value": "",
        "page_number": 2
    },
    {
        "field_name": "Line_GivenName[0]",
        "field_type": "/Tx",
        "initial_value": "",
        "page_number": 2
    },
    {
        "field_name": "Line_FamilyName[0]",
        "field_type": "/Tx",
        "initial_value": "",
        "page_number": 2
    },
    {
        "field_name": "Line_MiddleName[0]",
        "field_type": "/Tx",
        "initial_value": "",
        "page_number": 2
    },
    {
        "field_name": "Part1_Line8_NameOfCompanyPOC_TitleofPOC[0]",
        "field_type": "/Tx",
        "initial_value": "",
        "page_number": 2
    },
    {
        "field_name": "Part1_Line8_NameOfCompanyPOC_GivenName[0]",
        "field_type": "/Tx",
        "initial_value": "",
        "page_number": 2
    },
    {
        "field_name": "Part1_Line8_NameOfCompanyPOC_FamilyName[0]",
        "field_type": "/Tx",
        "initial_value": "",
        "page_number": 2
    },
    {
        "field_name": "Part1_Line8_NameOfCompanyPOC_MiddleName[0]",
        "field_type": "/Tx",
        "initial_value": "",
        "page_number": 2
    },
    {
        "field_name": "Part1_Line9_CompanyIRSTaxNumber[0]",
        "field_type": "/Tx",
        "initial_value": "",
        "page_number": 2
    },
    {
        "field_name": "Part1_Line4_PhysicalAddress_State[0]",
        "field_type": "/Ch",
        "initial_value": "",
        "page_number": 2,
        "options": [
            " ",
            "AA",
            "AE",
            "AK",
            "AL",
            "AP",
            "AR",
            "AS",
            "AZ",
            "CA",
            "CO",
            "CT",
            "DC",
            "DE",
            "FL",
            "FM",
            "GA",
            "GU",
            "HI",
            "IA",
            "ID",
            "IL",
            "IN",
            "KS",
            "KY",
            "LA",
            "MA",
            "MD",
            "ME",
            "MH",
            "MI",
            "MN",
            "MO",
            "MP",
            "MS",
            "MT",
            "NC",
            "ND",
            "NE",
            "NH",
            "NJ",
            "NM",
            "NV",
            "NY",
            "OH",
            "OK",
            "OR",
            "PA",
            "PR",
            "PW",
            "RI",
            "SC",
            "SD",
            "TN",
            "TX",
            "UT",
            "VA",
            "VI",
            "VT",
            "WA",
            "WI",
            "WV",
            "WY"
        ]
    },
    {
        "field_name": "Part1_Line4_PhysicalAddress_ZipCode[0]",
        "field_type": "/Tx",
        "initial_value": "",
        "page_number": 2
    },
    {
        "field_name": "Part1_Line4_PhysicalAddress_Unit[0]",
        "field_type": "/Btn",
        "initial_value": "",
        "page_number": 2,
        "possible_values": [
            "/ APT "
        ]
    },
    {
        "field_name": "Part1_Line4_PhysicalAddress_AptSteFlrNumber[0]",
        "field_type": "/Tx",
        "initial_value": "",
        "page_number": 2
    },
    {
        "field_name": "Part1_Line4_PhysicalAddress_Unit[1]",
        "field_type": "/Btn",
        "initial_value": "",
        "page_number": 2,
        "possible_values": [
            "/ FLR "
        ]
    },
    {
        "field_name": "Part1_Line4_PhysicalAddress_Unit[2]",
        "field_type": "/Btn",
        "initial_value": "",
        "page_number": 2,
        "possible_values": [
            "/ STE "
        ]
    },
    {
        "field_name": "Part1_Line4_PhysicalAddress_CityTown[0]",
        "field_type": "/Tx",
        "initial_value": "",
        "page_number": 2
    },
    {
        "field_name": "Part1_Line4_PhysicalAddress_Province[0]",
        "field_type": "/Tx",
        "initial_value": "",
        "page_number": 2
    },
    {
        "field_name": "Part1_Line4_PhysicalAddress_PostalCode[0]",
        "field_type": "/Tx",
        "initial_value": "",
        "page_number": 2
    },
    {
        "field_name": "Part1_Line4_PhysicalAddress_Country[0]",
        "field_type": "/Tx",
        "initial_value": "",
        "page_number": 2
    },
    {
        "field_name": "Part1_Line4_PhysicalAddress_StreetNumberName[0]",
        "field_type": "/Tx",
        "initial_value": "",
        "page_number": 2
    },
    {
        "field_name": "PDF417BarCode1[0]",
        "field_type": "/Tx",
        "initial_value": "I-907|11/03/22|3",
        "page_number": 3
    },
    {
        "field_name": "P3_Line1_Checkbox[0]",
        "field_type": "/Btn",
        "initial_value": "",
        "page_number": 3,
        "possible_values": [
            "/N"
        ]
    },
    {
        "field_name": "P3_Line1_Checkbox[1]",
        "field_type": "/Btn",
        "initial_value": "",
        "page_number": 3,
        "possible_values": [
            "/Y"
        ]
    },
    {
        "field_name": "P3_Line1_B_Language[0]",
        "field_type": "/Tx",
        "initial_value": "",
        "page_number": 3
    },
    {
        "field_name": "P3_Line2_Checkbox[0]",
        "field_type": "/Btn",
        "initial_value": "",
        "page_number": 3,
        "possible_values": [
            "/A"
        ]
    },
    {
        "field_name": "P3_Line2_NameofRepresentative[0]",
        "field_type": "/Tx",
        "initial_value": "",
        "page_number": 3
    },
    {
        "field_name": "Part1_Line7_OtherInformationAboutCompanyOrg_State[0]",
        "field_type": "/Ch",
        "initial_value": "",
        "page_number": 3,
        "options": [
            " ",
            "AA",
            "AE",
            "AK",
            "AL",
            "AP",
            "AR",
            "AS",
            "AZ",
            "CA",
            "CO",
            "CT",
            "DC",
            "DE",
            "FL",
            "FM",
            "GA",
            "GU",
            "HI",
            "IA",
            "ID",
            "IL",
            "IN",
            "KS",
            "KY",
            "LA",
            "MA",
            "MD",
            "ME",
            "MH",
            "MI",
            "MN",
            "MO",
            "MP",
            "MS",
            "MT",
            "NC",
            "ND",
            "NE",
            "NH",
            "NJ",
            "NM",
            "NV",
            "NY",
            "OH",
            "OK",
            "OR",
            "PA",
            "PR",
            "PW",
            "RI",
            "SC",
            "SD",
            "TN",
            "TX",
            "UT",
            "VA",
            "VI",
            "VT",
            "WA",
            "WI",
            "WV",
            "WY"
        ]
    },
    {
        "field_name": "Part1_Line7_OtherInformationAboutCompanyOrg_ZipCode[0]",
        "field_type": "/Tx",
        "initial_value": "",
        "page_number": 3
    },
    {
        "field_name": "Part1_Line7_OtherInformationAboutCompanyOrg_Unit[0]",
        "field_type": "/Btn",
        "initial_value": "",
        "page_number": 3,
        "possible_values": [
            "/ APT "
        ]
    },
    {
        "field_name": "Part1_Line7_OtherInformationAboutCompanyOrg_AptSteFlrNumber[0]",
        "field_type": "/Tx",
        "initial_value": "",
        "page_number": 3
    },
    {
        "field_name": "Part1_Line7_OtherInformationAboutCompanyOrg_Unit[1]",
        "field_type": "/Btn",
        "initial_value": "",
        "page_number": 3,
        "possible_values": [
            "/ FLR "
        ]
    },
    {
        "field_name": "Part1_Line7_OtherInformationAboutCompanyOrg_Unit[2]",
        "field_type": "/Btn",
        "initial_value": "",
        "page_number": 3,
        "possible_values": [
            "/ STE "
        ]
    },
    {
        "field_name": "Part1_Line7_OtherInformationAboutCompanyOrg_CityTown[0]",
        "field_type": "/Tx",
        "initial_value": "",
        "page_number": 3
    },
    {
        "field_name": "Part1_Line7_OtherInformationAboutCompanyOrg_Province[0]",
        "field_type": "/Tx",
        "initial_value": "",
        "page_number": 3
    },
    {
        "field_name": "Part1_Line7_OtherInformationAboutCompanyOrg_PostalCode[0]",
        "field_type": "/Tx",
        "initial_value": "",
        "page_number": 3
    },
    {
        "field_name": "Part1_Line7_OtherInformationAboutCompanyOrg_Country[0]",
        "field_type": "/Tx",
        "initial_value": "",
        "page_number": 3
    },
    {
        "field_name": "Part1_Line7_OtherInformationAboutCompanyOrg_StreetNumberName[0]",
        "field_type": "/Tx",
        "initial_value": "",
        "page_number": 3
    },
    {
        "field_name": "P3_Line4_DaytimeTelePhoneNumber[0]",
        "field_type": "/Tx",
        "initial_value": "",
        "page_number": 3
    },
    {
        "field_name": "P3_Line5_MobileTelePhoneNumber[0]",
        "field_type": "/Tx",
        "initial_value": "",
        "page_number": 3
    },
    {
        "field_name": "P3_Line6_Email[0]",
        "field_type": "/Tx",
        "initial_value": "",
        "page_number": 3
    },
    {
        "field_name": "P3_Line5_MobileTelePhoneNumber[1]",
        "field_type": "/Tx",
        "initial_value": "",
        "page_number": 3
    },
    {
        "field_name": "PDF417BarCode1[0]",
        "field_type": "/Tx",
        "initial_value": "I-907|11/03/22|4",
        "page_number": 4
    },
    {
        "field_name": "P4_Line3_CityTown[0]",
        "field_type": "/Tx",
        "initial_value": "",
        "page_number": 4
    },
    {
        "field_name": "P4_Line3_Province[0]",
        "field_type": "/Tx",
        "initial_value": "",
        "page_number": 4
    },
    {
        "field_name": "P4_Line3_PostalCode[0]",
        "field_type": "/Tx",
        "initial_value": "",
        "page_number": 4
    },
    {
        "field_name": "P4_Line3_ZipCode[0]",
        "field_type": "/Tx",
        "initial_value": "",
        "page_number": 4
    },
    {
        "field_name": "P4_Line3_State[0]",
        "field_type": "/Ch",
        "initial_value": "",
        "page_number": 4,
        "options": [
            " ",
            "AA",
            "AE",
            "AK",
            "AL",
            "AP",
            "AR",
            "AS",
            "AZ",
            "CA",
            "CO",
            "CT",
            "DC",
            "DE",
            "FL",
            "FM",
            "GA",
            "GU",
            "HI",
            "IA",
            "ID",
            "IL",
            "IN",
            "KS",
            "KY",
            "LA",
            "MA",
            "MD",
            "ME",
            "MH",
            "MI",
            "MN",
            "MO",
            "MP",
            "MS",
            "MT",
            "NC",
            "ND",
            "NE",
            "NH",
            "NJ",
            "NM",
            "NV",
            "NY",
            "OH",
            "OK",
            "OR",
            "PA",
            "PR",
            "PW",
            "RI",
            "SC",
            "SD",
            "TN",
            "TX",
            "UT",
            "VA",
            "VI",
            "VT",
            "WA",
            "WI",
            "WV",
            "WY"
        ]
    },
    {
        "field_name": "P4_Line3_StreetNumberName[0]",
        "field_type": "/Tx",
        "initial_value": "",
        "page_number": 4
    },
    {
        "field_name": "P4_Line3_Unit[0]",
        "field_type": "/Btn",
        "initial_value": "",
        "page_number": 4,
        "possible_values": [
            "/ STE "
        ]
    },
    {
        "field_name": "P4_Line3_Unit[1]",
        "field_type": "/Btn",
        "initial_value": "",
        "page_number": 4,
        "possible_values": [
            "/ FLR "
        ]
    },
    {
        "field_name": "P4_Line3_AptSteFlrNumber[0]",
        "field_type": "/Tx",
        "initial_value": "",
        "page_number": 4
    },
    {
        "field_name": "P4_Line3_Unit[2]",
        "field_type": "/Btn",
        "initial_value": "",
        "page_number": 4,
        "possible_values": [
            "/ APT "
        ]
    },
    {
        "field_name": "P4_Line3_Country[0]",
        "field_type": "/Tx",
        "initial_value": "",
        "page_number": 4
    },
    {
        "field_name": "P4_Line5_Email[0]",
        "field_type": "/Tx",
        "initial_value": "",
        "page_number": 4
    },
    {
        "field_name": "P4_Line4_DaytimeTelePhoneNumber[0]",
        "field_type": "/Tx",
        "initial_value": "",
        "page_number": 4
    },
    {
        "field_name": "P4_Line1_InterpreterGivenName[0]",
        "field_type": "/Tx",
        "initial_value": "",
        "page_number": 4
    },
    {
        "field_name": "P4_Line1_InterpreterFamilyName[0]",
        "field_type": "/Tx",
        "initial_value": "",
        "page_number": 4
    },
    {
        "field_name": "P4_Line2_NameofBusinessorOrgName[0]",
        "field_type": "/Tx",
        "initial_value": "",
        "page_number": 4
    },
    {
        "field_name": "Pt5Line3_SignatureOfPetitioner[0]",
        "field_type": "/Tx",
        "initial_value": "",
        "page_number": 4
    },
    {
        "field_name": "P3_DateofSignature[0]",
        "field_type": "/Tx",
        "initial_value": "",
        "page_number": 4
    },
    {
        "field_name": "P4_Line6_Language[0]",
        "field_type": "/Tx",
        "initial_value": "",
        "page_number": 4
    },
    {
        "field_name": "P4_Line4_DaytimeTelePhoneNumber[1]",
        "field_type": "/Tx",
        "initial_value": "",
        "page_number": 4
    },
    {
        "field_name": "PDF417BarCode1[0]",
        "field_type": "/Tx",
        "initial_value": "I-907|11/03/22|5",
        "page_number": 5
    },
    {
        "field_name": "P5_Line6_EmailAddress[0]",
        "field_type": "/Tx",
        "initial_value": "",
        "page_number": 5
    },
    {
        "field_name": "P5_Line4_DaytimeTelePhoneNumber[0]",
        "field_type": "/Tx",
        "initial_value": "",
        "page_number": 5
    },
    {
        "field_name": "P5_Line5_FaxNumber[0]",
        "field_type": "/Tx",
        "initial_value": "",
        "page_number": 5
    },
    {
        "field_name": "P5_Line3_CityTown[0]",
        "field_type": "/Tx",
        "initial_value": "",
        "page_number": 5
    },
    {
        "field_name": "P5_Line3_Province[0]",
        "field_type": "/Tx",
        "initial_value": "",
        "page_number": 5
    },
    {
        "field_name": "P5_Line3_PostalCode[0]",
        "field_type": "/Tx",
        "initial_value": "",
        "page_number": 5
    },
    {
        "field_name": "P5_Line3_ZipCode[0]",
        "field_type": "/Tx",
        "initial_value": "",
        "page_number": 5
    },
    {
        "field_name": "P5_Line3_State[0]",
        "field_type": "/Ch",
        "initial_value": "",
        "page_number": 5,
        "options": [
            " ",
            "AA",
            "AE",
            "AK",
            "AL",
            "AP",
            "AR",
            "AS",
            "AZ",
            "CA",
            "CO",
            "CT",
            "DC",
            "DE",
            "FL",
            "FM",
            "GA",
            "GU",
            "HI",
            "IA",
            "ID",
            "IL",
            "IN",
            "KS",
            "KY",
            "LA",
            "MA",
            "MD",
            "ME",
            "MH",
            "MI",
            "MN",
            "MO",
            "MP",
            "MS",
            "MT",
            "NC",
            "ND",
            "NE",
            "NH",
            "NJ",
            "NM",
            "NV",
            "NY",
            "OH",
            "OK",
            "OR",
            "PA",
            "PR",
            "PW",
            "RI",
            "SC",
            "SD",
            "TN",
            "TX",
            "UT",
            "VA",
            "VI",
            "VT",
            "WA",
            "WI",
            "WV",
            "WY"
        ]
    },
    {
        "field_name": "P5_Line3_StreetNumberName[0]",
        "field_type": "/Tx",
        "initial_value": "",
        "page_number": 5
    },
    {
        "field_name": "P5_Line3_Unit[0]",
        "field_type": "/Btn",
        "initial_value": "",
        "page_number": 5,
        "possible_values": [
            "/ STE "
        ]
    },
    {
        "field_name": "P5_Line3_Unit[1]",
        "field_type": "/Btn",
        "initial_value": "",
        "page_number": 5,
        "possible_values": [
            "/ FLR "
        ]
    },
    {
        "field_name": "Pt10Line3b_AptSteFlrNumber[0]",
        "field_type": "/Tx",
        "initial_value": "",
        "page_number": 5
    },
    {
        "field_name": "P5_Line3_Unit[2]",
        "field_type": "/Btn",
        "initial_value": "",
        "page_number": 5,
        "possible_values": [
            "/ APT "
        ]
    },
    {
        "field_name": "P5_Line3_Country[0]",
        "field_type": "/Tx",
        "initial_value": "",
        "page_number": 5
    },
    {
        "field_name": "P5_Line1_PreparerGivenName[0]",
        "field_type": "/Tx",
        "initial_value": "",
        "page_number": 5
    },
    {
        "field_name": "P5_Line1_PreparerFamilyName[0]",
        "field_type": "/Tx",
        "initial_value": "",
        "page_number": 5
    },
    {
        "field_name": "P5_Line2_NameofBusinessorOrgName[0]",
        "field_type": "/Tx",
        "initial_value": "",
        "page_number": 5
    },
    {
        "field_name": "P4_Line6_Signature[0]",
        "field_type": "/Tx",
        "initial_value": "",
        "page_number": 5
    },
    {
        "field_name": "P4_Line6_DateofSignature[0]",
        "field_type": "/Tx",
        "initial_value": "",
        "page_number": 5
    },
    {
        "field_name": "P5_Line7a_Checkbox[0]",
        "field_type": "/Btn",
        "initial_value": "",
        "page_number": 5,
        "possible_values": [
            "/A"
        ]
    },
    {
        "field_name": "P5_Line7b_Checkbox[0]",
        "field_type": "/Btn",
        "initial_value": "",
        "page_number": 5,
        "possible_values": [
            "/B"
        ]
    },
    {
        "field_name": "P5_Line7b_extends[0]",
        "field_type": "/Btn",
        "initial_value": "",
        "page_number": 5,
        "possible_values": [
            "/1"
        ]
    },
    {
        "field_name": "P5_Line7b_notextends[0]",
        "field_type": "/Btn",
        "initial_value": "",
        "page_number": 5,
        "possible_values": [
            "/2"
        ]
    },
    {
        "field_name": "PDF417BarCode1[0]",
        "field_type": "/Tx",
        "initial_value": "I-907|11/03/22|6",
        "page_number": 6
    },
    {
        "field_name": "P5_Line8_Signature[0]",
        "field_type": "/Tx",
        "initial_value": "",
        "page_number": 6
    },
    {
        "field_name": "P5_Line8_DateofSignature[0]",
        "field_type": "/Tx",
        "initial_value": "",
        "page_number": 6
    },
    {
        "field_name": "PDF417BarCode1[0]",
        "field_type": "/Tx",
        "initial_value": "I-907|11/03/22|7",
        "page_number": 7
    },
    {
        "field_name": "Pt9Line3d_AdditionalInfo[0]",
        "field_type": "/Tx",
        "initial_value": "",
        "page_number": 7
    },
    {
        "field_name": "Pt9Line3a_PageNumber[0]",
        "field_type": "/Tx",
        "initial_value": "",
        "page_number": 7
    },
    {
        "field_name": "Pt9Line3b_PartNumber[0]",
        "field_type": "/Tx",
        "initial_value": "",
        "page_number": 7
    },
    {
        "field_name": "Pt9Line3c_ItemNumber[0]",
        "field_type": "/Tx",
        "initial_value": "",
        "page_number": 7
    },
    {
        "field_name": "Pt1Line1_AlienRegistrationNumber[1]",
        "field_type": "/Tx",
        "initial_value": "",
        "page_number": 7
    },
    {
        "field_name": "Pt9Line4d_AdditionalInfo[0]",
        "field_type": "/Tx",
        "initial_value": "",
        "page_number": 7
    },
    {
        "field_name": "Pt9Line4a_PageNumber[0]",
        "field_type": "/Tx",
        "initial_value": "",
        "page_number": 7
    },
    {
        "field_name": "Pt9Line4b_PartNumber[0]",
        "field_type": "/Tx",
        "initial_value": "",
        "page_number": 7
    },
    {
        "field_name": "Pt9Line4c_ItemNumber[0]",
        "field_type": "/Tx",
        "initial_value": "",
        "page_number": 7
    },
    {
        "field_name": "Pt1Line3_GivenName[1]",
        "field_type": "/Tx",
        "initial_value": "",
        "page_number": 7
    },
    {
        "field_name": "Pt1Line3_FamilyName[1]",
        "field_type": "/Tx",
        "initial_value": "",
        "page_number": 7
    },
    {
        "field_name": "Pt1Line3_MiddleName[1]",
        "field_type": "/Tx",
        "initial_value": "",
        "page_number": 7
    },
    {
        "field_name": "Pt9Line4d_AdditionalInfo[1]",
        "field_type": "/Tx",
        "initial_value": "",
        "page_number": 7
    },
    {
        "field_name": "Pt9Line4a_PageNumber[1]",
        "field_type": "/Tx",
        "initial_value": "",
        "page_number": 7
    },
    {
        "field_name": "Pt9Line4b_PartNumber[1]",
        "field_type": "/Tx",
        "initial_value": "",
        "page_number": 7
    },
    {
        "field_name": "Pt9Line4c_ItemNumber[1]",
        "field_type": "/Tx",
        "initial_value": "",
        "page_number": 7
    }
]