[
    {
        "field_name": "form1[0].#pageSet[0].Page1[0].PDF417BarCode1[0]",
        "field_type": "/Tx",
        "initial_value": "I-140|05/31/22|1",
        "page_number": 1
    },
    {
        "field_name": "form1[0].#subform[0].Pt1Line1a_FamilyName[0]",
        "field_type": "/Tx",
        "initial_value": "",
        "page_number": 1
    },
    {
        "field_name": "form1[0].#subform[0].Pt1Line1b_GivenName[0]",
        "field_type": "/Tx",
        "initial_value": "",
        "page_number": 1
    },
    {
        "field_name": "form1[0].#subform[0].Pt1Line1c_MiddleName[0]",
        "field_type": "/Tx",
        "initial_value": "",
        "page_number": 1
    },
    {
        "field_name": "form1[0].#subform[0].Line2_CompanyName[0]",
        "field_type": "/Tx",
        "initial_value": "",
        "page_number": 1
    },
    {
        "field_name": "form1[0].#subform[0].G28CheckBox[0]",
        "field_type": "/Btn",
        "initial_value": "/Off",
        "page_number": 1,
        "possible_values": [
            "/Off",
            "/Y"
        ]
    },
    {
        "field_name": "form1[0].#subform[0].attyStateBarNumber[0]",
        "field_type": "/Tx",
        "initial_value": "",
        "page_number": 1
    },
    {
        "field_name": "form1[0].#subform[0].attyUSCISOnlineNum[0]",
        "field_type": "/Tx",
        "initial_value": "",
        "page_number": 1
    },
    {
        "field_name": "form1[0].#subform[0].#area[1].Pt2Line2_USCISOnlineActNumber[0]",
        "field_type": "/Tx",
        "initial_value": "",
        "page_number": 1
    },
    {
        "field_name": "form1[0].#subform[0].Pt1Line3_TaxNumber[0]",
        "field_type": "/Tx",
        "initial_value": "",
        "page_number": 1
    },
    {
        "field_name": "form1[0].#subform[0].Line4_SSN[0]",
        "field_type": "/Tx",
        "initial_value": "",
        "page_number": 1
    },
    {
        "field_name": "form1[0].#subform[0].Line6a_InCareofName[0]",
        "field_type": "/Tx",
        "initial_value": "",
        "page_number": 1
    },
    {
        "field_name": "form1[0].#subform[0].Line6b_StreetNumberName[0]",
        "field_type": "/Tx",
        "initial_value": "",
        "page_number": 1
    },
    {
        "field_name": "form1[0].#subform[0].Line6c_AptSteFlrNumber[0]",
        "field_type": "/Tx",
        "initial_value": "",
        "page_number": 1
    },
    {
        "field_name": "form1[0].#subform[0].Line6d_CityOrTown[0]",
        "field_type": "/Tx",
        "initial_value": "",
        "page_number": 1
    },
    {
        "field_name": "form1[0].#subform[0].Line6g_PostalCode[0]",
        "field_type": "/Tx",
        "initial_value": "",
        "page_number": 1
    },
    {
        "field_name": "form1[0].#subform[0].Line6i_Country[0]",
        "field_type": "/Tx",
        "initial_value": "",
        "page_number": 1
    },
    {
        "field_name": "form1[0].#subform[0].Line6e_State[0]",
        "field_type": "/Ch",
        "initial_value": "",
        "page_number": 1,
        "options": [
            " ",
            "AA",
            "AE",
            "AK",
            "AL",
            "AP",
            "AR",
            "AS",
            "AZ",
            "CA",
            "CO",
            "CT",
            "DC",
            "DE",
            "FL",
            "FM",
            "GA",
            "GU",
            "HI",
            "IA",
            "ID",
            "IL",
            "IN",
            "KS",
            "KY",
            "LA",
            "MA",
            "MD",
            "ME",
            "MH",
            "MI",
            "MN",
            "MO",
            "MP",
            "MS",
            "MT",
            "NC",
            "ND",
            "NE",
            "NH",
            "NJ",
            "NM",
            "NV",
            "NY",
            "OH",
            "OK",
            "OR",
            "PA",
            "PR",
            "PW",
            "RI",
            "SC",
            "SD",
            "TN",
            "TX",
            "UT",
            "VA",
            "VI",
            "VT",
            "WA",
            "WI",
            "WV",
            "WY"
        ]
    },
    {
        "field_name": "form1[0].#subform[0].Line6f_ZipCode[0]",
        "field_type": "/Tx",
        "initial_value": "",
        "page_number": 1
    },
    {
        "field_name": "form1[0].#subform[0].Line6c_Unit[0]",
        "field_type": "/Btn",
        "initial_value": "/Off",
        "page_number": 1,
        "possible_values": [
            "/ STE ",
            "/Off"
        ]
    },
    {
        "field_name": "form1[0].#subform[0].Line6c_Unit[1]",
        "field_type": "/Btn",
        "initial_value": "/Off",
        "page_number": 1,
        "possible_values": [
            "/ FLR ",
            "/Off"
        ]
    },
    {
        "field_name": "form1[0].#subform[0].Line6c_Unit[2]",
        "field_type": "/Btn",
        "initial_value": "/Off",
        "page_number": 1,
        "possible_values": [
            "/ APT ",
            "/Off"
        ]
    },
    {
        "field_name": "form1[0].#subform[0].Line6h_Province[0]",
        "field_type": "/Tx",
        "initial_value": "",
        "page_number": 1
    },
    {
        "field_name": "form1[0].#subform[0].prt2PetitionType[0]",
        "field_type": "/Btn",
        "initial_value": "/Off",
        "page_number": 1,
        "possible_values": [
            "/Off",
            "/e"
        ]
    },
    {
        "field_name": "form1[0].#subform[0].prt2PetitionType[1]",
        "field_type": "/Btn",
        "initial_value": "/Off",
        "page_number": 1,
        "possible_values": [
            "/Off",
            "/a"
        ]
    },
    {
        "field_name": "form1[0].#subform[0].prt2PetitionType[2]",
        "field_type": "/Btn",
        "initial_value": "/Off",
        "page_number": 1,
        "possible_values": [
            "/Off",
            "/b"
        ]
    },
    {
        "field_name": "form1[0].#subform[0].prt2PetitionType[3]",
        "field_type": "/Btn",
        "initial_value": "/Off",
        "page_number": 1,
        "possible_values": [
            "/Off",
            "/c"
        ]
    },
    {
        "field_name": "form1[0].#subform[0].prt2PetitionType[4]",
        "field_type": "/Btn",
        "initial_value": "/Off",
        "page_number": 1,
        "possible_values": [
            "/Off",
            "/d"
        ]
    },
    {
        "field_name": "form1[0].#subform[0].prt2PetitionType[5]",
        "field_type": "/Btn",
        "initial_value": "/Off",
        "page_number": 1,
        "possible_values": [
            "/Off",
            "/g"
        ]
    },
    {
        "field_name": "form1[0].#subform[0].prt2PetitionType[6]",
        "field_type": "/Btn",
        "initial_value": "/Off",
        "page_number": 1,
        "possible_values": [
            "/Off",
            "/h"
        ]
    },
    {
        "field_name": "form1[0].#subform[0].prt2PetitionType[7]",
        "field_type": "/Btn",
        "initial_value": "/Off",
        "page_number": 1,
        "possible_values": [
            "/Off",
            "/f"
        ]
    },
    {
        "field_name": "form1[0].#pageSet[0].Page1[1].PDF417BarCode1[0]",
        "field_type": "/Tx",
        "initial_value": "I-140|05/31/22|2",
        "page_number": 2
    },
    {
        "field_name": "form1[0].#subform[1].Line2a_Amend[0]",
        "field_type": "/Btn",
        "initial_value": "/Off",
        "page_number": 2,
        "possible_values": [
            "/Off",
            "/Y"
        ]
    },
    {
        "field_name": "form1[0].#subform[1].Line2b_ScheduleA[0]",
        "field_type": "/Btn",
        "initial_value": "/Off",
        "page_number": 2,
        "possible_values": [
            "/Off",
            "/Y"
        ]
    },
    {
        "field_name": "form1[0].#subform[1].Line2aReceipt[0].Line2a_ReceiptNumber[0]",
        "field_type": "/Tx",
        "initial_value": "",
        "page_number": 2
    },
    {
        "field_name": "form1[0].#subform[1].Pt3Line1a_FamilyName[0]",
        "field_type": "/Tx",
        "initial_value": "",
        "page_number": 2
    },
    {
        "field_name": "form1[0].#subform[1].Pt3Line1b_GivenName[0]",
        "field_type": "/Tx",
        "initial_value": "",
        "page_number": 2
    },
    {
        "field_name": "form1[0].#subform[1].Pt3Line1c_MiddleName[0]",
        "field_type": "/Tx",
        "initial_value": "",
        "page_number": 2
    },
    {
        "field_name": "form1[0].#subform[1].Line2b_StreetNumberName[0]",
        "field_type": "/Tx",
        "initial_value": "",
        "page_number": 2
    },
    {
        "field_name": "form1[0].#subform[1].Line2c_AptSteFlrNumber[0]",
        "field_type": "/Tx",
        "initial_value": "",
        "page_number": 2
    },
    {
        "field_name": "form1[0].#subform[1].Line2d_CityOrTown[0]",
        "field_type": "/Tx",
        "initial_value": "",
        "page_number": 2
    },
    {
        "field_name": "form1[0].#subform[1].Line2h_Province[0]",
        "field_type": "/Tx",
        "initial_value": "",
        "page_number": 2
    },
    {
        "field_name": "form1[0].#subform[1].Line2i_Country[0]",
        "field_type": "/Tx",
        "initial_value": "",
        "page_number": 2
    },
    {
        "field_name": "form1[0].#subform[1].Line2e_State[0]",
        "field_type": "/Ch",
        "initial_value": "",
        "page_number": 2,
        "options": [
            " ",
            "AA",
            "AE",
            "AK",
            "AL",
            "AP",
            "AR",
            "AS",
            "AZ",
            "CA",
            "CO",
            "CT",
            "DC",
            "DE",
            "FL",
            "FM",
            "GA",
            "GU",
            "HI",
            "IA",
            "ID",
            "IL",
            "IN",
            "KS",
            "KY",
            "LA",
            "MA",
            "MD",
            "ME",
            "MH",
            "MI",
            "MN",
            "MO",
            "MP",
            "MS",
            "MT",
            "NC",
            "ND",
            "NE",
            "NH",
            "NJ",
            "NM",
            "NV",
            "NY",
            "OH",
            "OK",
            "OR",
            "PA",
            "PR",
            "PW",
            "RI",
            "SC",
            "SD",
            "TN",
            "TX",
            "UT",
            "VA",
            "VI",
            "VT",
            "WA",
            "WI",
            "WV",
            "WY"
        ]
    },
    {
        "field_name": "form1[0].#subform[1].Line2f_ZipCode[0]",
        "field_type": "/Tx",
        "initial_value": "",
        "page_number": 2
    },
    {
        "field_name": "form1[0].#subform[1].Line2a_InCareofName[0]",
        "field_type": "/Tx",
        "initial_value": "",
        "page_number": 2
    },
    {
        "field_name": "form1[0].#subform[1].Line2c_Unit[0]",
        "field_type": "/Btn",
        "initial_value": "/Off",
        "page_number": 2,
        "possible_values": [
            "/ STE ",
            "/Off"
        ]
    },
    {
        "field_name": "form1[0].#subform[1].Line2c_Unit[1]",
        "field_type": "/Btn",
        "initial_value": "/Off",
        "page_number": 2,
        "possible_values": [
            "/ FLR ",
            "/Off"
        ]
    },
    {
        "field_name": "form1[0].#subform[1].Line2c_Unit[2]",
        "field_type": "/Btn",
        "initial_value": "/Off",
        "page_number": 2,
        "possible_values": [
            "/ APT ",
            "/Off"
        ]
    },
    {
        "field_name": "form1[0].#subform[1].Line2g_PostalCode[0]",
        "field_type": "/Tx",
        "initial_value": "",
        "page_number": 2
    },
    {
        "field_name": "form1[0].#subform[1].Line5_DateOfBirth[0]",
        "field_type": "/Tx",
        "initial_value": "",
        "page_number": 2
    },
    {
        "field_name": "form1[0].#subform[1].Line6_CityTownOfBirth[0]",
        "field_type": "/Tx",
        "initial_value": "",
        "page_number": 2
    },
    {
        "field_name": "form1[0].#subform[1].Line8_Country[0]",
        "field_type": "/Tx",
        "initial_value": "",
        "page_number": 2
    },
    {
        "field_name": "form1[0].#subform[1].Line9_Country[0]",
        "field_type": "/Tx",
        "initial_value": "",
        "page_number": 2
    },
    {
        "field_name": "form1[0].#subform[1].Line11_Alien[0].Pt3Line8_AlienNumber[0]",
        "field_type": "/Tx",
        "initial_value": "",
        "page_number": 2
    },
    {
        "field_name": "form1[0].#subform[1].Line12_SSN[0]",
        "field_type": "/Tx",
        "initial_value": "",
        "page_number": 2
    },
    {
        "field_name": "form1[0].#subform[1].Line13_DateOArrival[0]",
        "field_type": "/Tx",
        "initial_value": "",
        "page_number": 2
    },
    {
        "field_name": "form1[0].#subform[1].Line14_I94Number[0].Line14a_ArrivalDeparture[0]",
        "field_type": "/Tx",
        "initial_value": "",
        "page_number": 2
    },
    {
        "field_name": "form1[0].#subform[1].Line14b_Passport[0]",
        "field_type": "/Tx",
        "initial_value": "",
        "page_number": 2
    },
    {
        "field_name": "form1[0].#subform[1].Line14c_TravelDoc[0]",
        "field_type": "/Tx",
        "initial_value": "",
        "page_number": 2
    },
    {
        "field_name": "form1[0].#subform[1].Line14d_CountryOfIssuance[0]",
        "field_type": "/Tx",
        "initial_value": "",
        "page_number": 2
    },
    {
        "field_name": "form1[0].#subform[1].Line14e_ExpDate[0]",
        "field_type": "/Tx",
        "initial_value": "",
        "page_number": 2
    },
    {
        "field_name": "form1[0].#subform[1].Line14e_ExpDate[1]",
        "field_type": "/Tx",
        "initial_value": "",
        "page_number": 2
    },
    {
        "field_name": "form1[0].#subform[1].Line15_CurrentNon[0]",
        "field_type": "/Tx",
        "initial_value": "",
        "page_number": 2
    },
    {
        "field_name": "form1[0].#subform[1].Line1a_Visa[0]",
        "field_type": "/Btn",
        "initial_value": "/Off",
        "page_number": 2,
        "possible_values": [
            "/1a",
            "/Off"
        ]
    },
    {
        "field_name": "form1[0].#subform[1].Line1a_CityorTown[0]",
        "field_type": "/Tx",
        "initial_value": "",
        "page_number": 2
    },
    {
        "field_name": "form1[0].#subform[1].Line1a_Country[0]",
        "field_type": "/Tx",
        "initial_value": "",
        "page_number": 2
    },
    {
        "field_name": "form1[0].#subform[1].Line7_StateProvinceOfBirth[0]",
        "field_type": "/Tx",
        "initial_value": "",
        "page_number": 2
    },
    {
        "field_name": "form1[0].#subform[1].Line1b_Status[0]",
        "field_type": "/Btn",
        "initial_value": "/Off",
        "page_number": 2,
        "possible_values": [
            "/1b",
            "/Off"
        ]
    },
    {
        "field_name": "form1[0].#pageSet[0].Page1[2].PDF417BarCode1[0]",
        "field_type": "/Tx",
        "initial_value": "I-140|05/31/22|3",
        "page_number": 3
    },
    {
        "field_name": "form1[0].#subform[2].Line1b_Country[0]",
        "field_type": "/Tx",
        "initial_value": "",
        "page_number": 3
    },
    {
        "field_name": "form1[0].#subform[2].Line2a_StreetNumberName[0]",
        "field_type": "/Tx",
        "initial_value": "",
        "page_number": 3
    },
    {
        "field_name": "form1[0].#subform[2].Line2b_AptSteFlrNumber[0]",
        "field_type": "/Tx",
        "initial_value": "",
        "page_number": 3
    },
    {
        "field_name": "form1[0].#subform[2].Line2c_CityOrTown[0]",
        "field_type": "/Tx",
        "initial_value": "",
        "page_number": 3
    },
    {
        "field_name": "form1[0].#subform[2].Line2e_Province[0]",
        "field_type": "/Tx",
        "initial_value": "",
        "page_number": 3
    },
    {
        "field_name": "form1[0].#subform[2].Line2f_Country[0]",
        "field_type": "/Tx",
        "initial_value": "",
        "page_number": 3
    },
    {
        "field_name": "form1[0].#subform[2].Line2d_PostalCode[0]",
        "field_type": "/Tx",
        "initial_value": "",
        "page_number": 3
    },
    {
        "field_name": "form1[0].#subform[2].Line2b_Unit[0]",
        "field_type": "/Btn",
        "initial_value": "/Off",
        "page_number": 3,
        "possible_values": [
            "/ STE ",
            "/Off"
        ]
    },
    {
        "field_name": "form1[0].#subform[2].Line2b_Unit[1]",
        "field_type": "/Btn",
        "initial_value": "/Off",
        "page_number": 3,
        "possible_values": [
            "/ FLR ",
            "/Off"
        ]
    },
    {
        "field_name": "form1[0].#subform[2].Line2b_Unit[2]",
        "field_type": "/Btn",
        "initial_value": "/Off",
        "page_number": 3,
        "possible_values": [
            "/ APT ",
            "/Off"
        ]
    },
    {
        "field_name": "form1[0].#subform[2].Line3c_MiddleName2[0]",
        "field_type": "/Tx",
        "initial_value": "",
        "page_number": 3
    },
    {
        "field_name": "form1[0].#subform[2].Line3b_GivenName2[0]",
        "field_type": "/Tx",
        "initial_value": "",
        "page_number": 3
    },
    {
        "field_name": "form1[0].#subform[2].Line3a_FamilyName2[0]",
        "field_type": "/Tx",
        "initial_value": "",
        "page_number": 3
    },
    {
        "field_name": "form1[0].#subform[2].Line3d_StreetNumberName[0]",
        "field_type": "/Tx",
        "initial_value": "",
        "page_number": 3
    },
    {
        "field_name": "form1[0].#subform[2].Line3e_AptSteFlrNumber[0]",
        "field_type": "/Tx",
        "initial_value": "",
        "page_number": 3
    },
    {
        "field_name": "form1[0].#subform[2].Line3f_CityOrTown[0]",
        "field_type": "/Tx",
        "initial_value": "",
        "page_number": 3
    },
    {
        "field_name": "form1[0].#subform[2].Line3g_PostalCode[0]",
        "field_type": "/Tx",
        "initial_value": "",
        "page_number": 3
    },
    {
        "field_name": "form1[0].#subform[2].Line3i_Country[0]",
        "field_type": "/Tx",
        "initial_value": "",
        "page_number": 3
    },
    {
        "field_name": "form1[0].#subform[2].Line3h_Province[0]",
        "field_type": "/Tx",
        "initial_value": "",
        "page_number": 3
    },
    {
        "field_name": "form1[0].#subform[2].Line3e_Unit[0]",
        "field_type": "/Btn",
        "initial_value": "/Off",
        "page_number": 3,
        "possible_values": [
            "/ STE ",
            "/Off"
        ]
    },
    {
        "field_name": "form1[0].#subform[2].Line3e_Unit[1]",
        "field_type": "/Btn",
        "initial_value": "/Off",
        "page_number": 3,
        "possible_values": [
            "/ FLR ",
            "/Off"
        ]
    },
    {
        "field_name": "form1[0].#subform[2].Line3e_Unit[2]",
        "field_type": "/Btn",
        "initial_value": "/Off",
        "page_number": 3,
        "possible_values": [
            "/ APT ",
            "/Off"
        ]
    },
    {
        "field_name": "form1[0].#subform[2].Line2a_InCareofName[1]",
        "field_type": "/Tx",
        "initial_value": "",
        "page_number": 3
    },
    {
        "field_name": "form1[0].#subform[2].Line4_Form485[0]",
        "field_type": "/Btn",
        "initial_value": "/Off",
        "page_number": 3,
        "possible_values": [
            "/Off",
            "/Y"
        ]
    },
    {
        "field_name": "form1[0].#subform[2].Line4_Form131[0]",
        "field_type": "/Btn",
        "initial_value": "/Off",
        "page_number": 3,
        "possible_values": [
            "/Off",
            "/Y"
        ]
    },
    {
        "field_name": "form1[0].#subform[2].Line4_Form765[0]",
        "field_type": "/Btn",
        "initial_value": "/Off",
        "page_number": 3,
        "possible_values": [
            "/Off",
            "/Y"
        ]
    },
    {
        "field_name": "form1[0].#subform[2].Line4_OtherAttach[0]",
        "field_type": "/Btn",
        "initial_value": "/Off",
        "page_number": 3,
        "possible_values": [
            "/Off",
            "/Y"
        ]
    },
    {
        "field_name": "form1[0].#subform[2].Line7_Yes[0]",
        "field_type": "/Btn",
        "initial_value": "/Off",
        "page_number": 3,
        "possible_values": [
            "/Off",
            "/Y"
        ]
    },
    {
        "field_name": "form1[0].#subform[2].Line7_No[0]",
        "field_type": "/Btn",
        "initial_value": "/Off",
        "page_number": 3,
        "possible_values": [
            "/N",
            "/Off"
        ]
    },
    {
        "field_name": "form1[0].#subform[2].Line5_No[0]",
        "field_type": "/Btn",
        "initial_value": "/Off",
        "page_number": 3,
        "possible_values": [
            "/N",
            "/Off"
        ]
    },
    {
        "field_name": "form1[0].#subform[2].Line5_Yes[0]",
        "field_type": "/Btn",
        "initial_value": "/Off",
        "page_number": 3,
        "possible_values": [
            "/Off",
            "/Y"
        ]
    },
    {
        "field_name": "form1[0].#subform[2].Line6_No[0]",
        "field_type": "/Btn",
        "initial_value": "/Off",
        "page_number": 3,
        "possible_values": [
            "/N",
            "/Off"
        ]
    },
    {
        "field_name": "form1[0].#subform[2].Line6_Yes[0]",
        "field_type": "/Btn",
        "initial_value": "/Off",
        "page_number": 3,
        "possible_values": [
            "/Off",
            "/Y"
        ]
    },
    {
        "field_name": "form1[0].#subform[2].Line8_Yes[0]",
        "field_type": "/Btn",
        "initial_value": "/Off",
        "page_number": 3,
        "possible_values": [
            "/Off",
            "/Y"
        ]
    },
    {
        "field_name": "form1[0].#subform[2].Line8_No[0]",
        "field_type": "/Btn",
        "initial_value": "/Off",
        "page_number": 3,
        "possible_values": [
            "/N",
            "/Off"
        ]
    },
    {
        "field_name": "form1[0].#subform[2].Line1a_Employer[0]",
        "field_type": "/Btn",
        "initial_value": "/Off",
        "page_number": 3,
        "possible_values": [
            "/Off",
            "/Y"
        ]
    },
    {
        "field_name": "form1[0].#subform[2].Line1b_Self[0]",
        "field_type": "/Btn",
        "initial_value": "/Off",
        "page_number": 3,
        "possible_values": [
            "/Off",
            "/Y"
        ]
    },
    {
        "field_name": "form1[0].#subform[2].Line1c_Other[0]",
        "field_type": "/Btn",
        "initial_value": "/Off",
        "page_number": 3,
        "possible_values": [
            "/Off",
            "/Y"
        ]
    },
    {
        "field_name": "form1[0].#subform[2].Line1c_Explain[0]",
        "field_type": "/Tx",
        "initial_value": "",
        "page_number": 3
    },
    {
        "field_name": "form1[0].#subform[2].Line2a_TypeofBusiness[0]",
        "field_type": "/Tx",
        "initial_value": "",
        "page_number": 3
    },
    {
        "field_name": "form1[0].#subform[2].Line2b_DateEstablished[0]",
        "field_type": "/Tx",
        "initial_value": "",
        "page_number": 3
    },
    {
        "field_name": "form1[0].#subform[2].Line2c_NumberofEmployees[0]",
        "field_type": "/Tx",
        "initial_value": "",
        "page_number": 3
    },
    {
        "field_name": "form1[0].#subform[2].Line2d_GrossAnnualIncome[0]",
        "field_type": "/Tx",
        "initial_value": "",
        "page_number": 3
    },
    {
        "field_name": "form1[0].#subform[2].Line2e_NetAnnualIncome[0]",
        "field_type": "/Tx",
        "initial_value": "",
        "page_number": 3
    },
    {
        "field_name": "form1[0].#subform[2].Line4_Yes[0]",
        "field_type": "/Btn",
        "initial_value": "/Off",
        "page_number": 3,
        "possible_values": [
            "/Off",
            "/Y"
        ]
    },
    {
        "field_name": "form1[0].#subform[2].Line4_No[0]",
        "field_type": "/Btn",
        "initial_value": "/Off",
        "page_number": 3,
        "possible_values": [
            "/N",
            "/Off"
        ]
    },
    {
        "field_name": "form1[0].#subform[2].Line2g_LaborCertification[0]",
        "field_type": "/Tx",
        "initial_value": "",
        "page_number": 3
    },
    {
        "field_name": "form1[0].#subform[2].Line2f[0].Line2f_NAICSCode[0]",
        "field_type": "/Tx",
        "initial_value": "",
        "page_number": 3
    },
    {
        "field_name": "form1[0].#pageSet[0].Page1[3].PDF417BarCode1[0]",
        "field_type": "/Tx",
        "initial_value": "I-140|05/31/22|4",
        "page_number": 4
    },
    {
        "field_name": "form1[0].#subform[3].Line2i_LaborCertificationDate[0]",
        "field_type": "/Tx",
        "initial_value": "",
        "page_number": 4
    },
    {
        "field_name": "form1[0].#subform[3].Line3b_AnnualIncome[0]",
        "field_type": "/Tx",
        "initial_value": "",
        "page_number": 4
    },
    {
        "field_name": "form1[0].#subform[3].Line3a_Occupation[0]",
        "field_type": "/Tx",
        "initial_value": "",
        "page_number": 4
    },
    {
        "field_name": "form1[0].#subform[3].Line2_SOCCode1[0]",
        "field_type": "/Tx",
        "initial_value": "",
        "page_number": 4
    },
    {
        "field_name": "form1[0].#subform[3].Line2_SOCCode2[0]",
        "field_type": "/Tx",
        "initial_value": "",
        "page_number": 4
    },
    {
        "field_name": "form1[0].#subform[3].Line1_JobTitle[0]",
        "field_type": "/Tx",
        "initial_value": "",
        "page_number": 4
    },
    {
        "field_name": "form1[0].#subform[3].Line3_JobDescription[0]",
        "field_type": "/Tx",
        "initial_value": "",
        "page_number": 4
    },
    {
        "field_name": "form1[0].#subform[3].Line5_Hours[0]",
        "field_type": "/Tx",
        "initial_value": "",
        "page_number": 4
    },
    {
        "field_name": "form1[0].#subform[3].Line4_No1[0]",
        "field_type": "/Btn",
        "initial_value": "/Off",
        "page_number": 4,
        "possible_values": [
            "/N",
            "/Off"
        ]
    },
    {
        "field_name": "form1[0].#subform[3].Line4_Yes1[0]",
        "field_type": "/Btn",
        "initial_value": "/Off",
        "page_number": 4,
        "possible_values": [
            "/Off",
            "/Y"
        ]
    },
    {
        "field_name": "form1[0].#subform[3].Line7_No1[0]",
        "field_type": "/Btn",
        "initial_value": "/Off",
        "page_number": 4,
        "possible_values": [
            "/N",
            "/Off"
        ]
    },
    {
        "field_name": "form1[0].#subform[3].Line7_Yes1[0]",
        "field_type": "/Btn",
        "initial_value": "/Off",
        "page_number": 4,
        "possible_values": [
            "/Off",
            "/Y"
        ]
    },
    {
        "field_name": "form1[0].#subform[3].Line6_No1[0]",
        "field_type": "/Btn",
        "initial_value": "/Off",
        "page_number": 4,
        "possible_values": [
            "/N",
            "/Off"
        ]
    },
    {
        "field_name": "form1[0].#subform[3].Line6_Yes1[0]",
        "field_type": "/Btn",
        "initial_value": "/Off",
        "page_number": 4,
        "possible_values": [
            "/Off",
            "/Y"
        ]
    },
    {
        "field_name": "form1[0].#subform[3].Line1c_Person1MiddleName[0]",
        "field_type": "/Tx",
        "initial_value": "",
        "page_number": 4
    },
    {
        "field_name": "form1[0].#subform[3].Line1b_Person1GivenName[0]",
        "field_type": "/Tx",
        "initial_value": "",
        "page_number": 4
    },
    {
        "field_name": "form1[0].#subform[3].Line1a_Person1FamilyName[0]",
        "field_type": "/Tx",
        "initial_value": "",
        "page_number": 4
    },
    {
        "field_name": "form1[0].#subform[3].Line1d_Person1DateOfBirth[0]",
        "field_type": "/Tx",
        "initial_value": "",
        "page_number": 4
    },
    {
        "field_name": "form1[0].#subform[3].Line1e_CountryOfBirth[0]",
        "field_type": "/Tx",
        "initial_value": "",
        "page_number": 4
    },
    {
        "field_name": "form1[0].#subform[3].Line1f_Relationship[0]",
        "field_type": "/Tx",
        "initial_value": "",
        "page_number": 4
    },
    {
        "field_name": "form1[0].#subform[3].Pt7ItemNumber5_CheckboxYes[0]",
        "field_type": "/Btn",
        "initial_value": "/Off",
        "page_number": 4,
        "possible_values": [
            "/Off",
            "/Y"
        ]
    },
    {
        "field_name": "form1[0].#subform[3].Pt7ItemNumber5_CheckboxNo[0]",
        "field_type": "/Btn",
        "initial_value": "/Off",
        "page_number": 4,
        "possible_values": [
            "/N",
            "/Off"
        ]
    },
    {
        "field_name": "form1[0].#subform[3].Line8_Wages[0]",
        "field_type": "/Tx",
        "initial_value": "",
        "page_number": 4
    },
    {
        "field_name": "form1[0].#subform[3].Line8_Per[0]",
        "field_type": "/Tx",
        "initial_value": "",
        "page_number": 4
    },
    {
        "field_name": "form1[0].#subform[3].Line2h_LaborCertification[0]",
        "field_type": "/Tx",
        "initial_value": "",
        "page_number": 4
    },
    {
        "field_name": "form1[0].#subform[3].Line9a_StreetNumberName[0]",
        "field_type": "/Tx",
        "initial_value": "",
        "page_number": 4
    },
    {
        "field_name": "form1[0].#subform[3].Line9b_AptSteFlrNumber[0]",
        "field_type": "/Tx",
        "initial_value": "",
        "page_number": 4
    },
    {
        "field_name": "form1[0].#subform[3].Line9c_CityOrTown[0]",
        "field_type": "/Tx",
        "initial_value": "",
        "page_number": 4
    },
    {
        "field_name": "form1[0].#subform[3].Line9d_State[0]",
        "field_type": "/Ch",
        "initial_value": "",
        "page_number": 4,
        "options": [
            " ",
            "AA",
            "AE",
            "AK",
            "AL",
            "AP",
            "AR",
            "AS",
            "AZ",
            "CA",
            "CO",
            "CT",
            "DC",
            "DE",
            "FL",
            "FM",
            "GA",
            "GU",
            "HI",
            "IA",
            "ID",
            "IL",
            "IN",
            "KS",
            "KY",
            "LA",
            "MA",
            "MD",
            "ME",
            "MH",
            "MI",
            "MN",
            "MO",
            "MP",
            "MS",
            "MT",
            "NC",
            "ND",
            "NE",
            "NH",
            "NJ",
            "NM",
            "NV",
            "NY",
            "OH",
            "OK",
            "OR",
            "PA",
            "PR",
            "PW",
            "RI",
            "SC",
            "SD",
            "TN",
            "TX",
            "UT",
            "UT",
            "VA",
            "VI",
            "VT",
            "WA",
            "WI",
            "WV",
            "WY"
        ]
    },
    {
        "field_name": "form1[0].#subform[3].Line9e_ZipCode[0]",
        "field_type": "/Tx",
        "initial_value": "",
        "page_number": 4
    },
    {
        "field_name": "form1[0].#subform[3].Line9b_Unit[0]",
        "field_type": "/Btn",
        "initial_value": "/Off",
        "page_number": 4,
        "possible_values": [
            "/ STE ",
            "/Off"
        ]
    },
    {
        "field_name": "form1[0].#subform[3].Line9b_Unit[1]",
        "field_type": "/Btn",
        "initial_value": "/Off",
        "page_number": 4,
        "possible_values": [
            "/ FLR ",
            "/Off"
        ]
    },
    {
        "field_name": "form1[0].#subform[3].Line9b_Unit[2]",
        "field_type": "/Btn",
        "initial_value": "/Off",
        "page_number": 4,
        "possible_values": [
            "/ APT ",
            "/Off"
        ]
    },
    {
        "field_name": "form1[0].#subform[3].Line2f_Relationship[0]",
        "field_type": "/Tx",
        "initial_value": "",
        "page_number": 4
    },
    {
        "field_name": "form1[0].#subform[3].Line2c_Person2MiddleName[0]",
        "field_type": "/Tx",
        "initial_value": "",
        "page_number": 4
    },
    {
        "field_name": "form1[0].#subform[3].Line2b_Person2GivenName[0]",
        "field_type": "/Tx",
        "initial_value": "",
        "page_number": 4
    },
    {
        "field_name": "form1[0].#subform[3].Line2a_Person2FamilyName[0]",
        "field_type": "/Tx",
        "initial_value": "",
        "page_number": 4
    },
    {
        "field_name": "form1[0].#subform[3].Line2d_DateOfBirth[0]",
        "field_type": "/Tx",
        "initial_value": "",
        "page_number": 4
    },
    {
        "field_name": "form1[0].#subform[3].Line2e_CountryOfBirth[0]",
        "field_type": "/Tx",
        "initial_value": "",
        "page_number": 4
    },
    {
        "field_name": "form1[0].#subform[3].Pt7ItemNumber6_CheckboxYes[0]",
        "field_type": "/Btn",
        "initial_value": "/Off",
        "page_number": 4,
        "possible_values": [
            "/Off",
            "/Y"
        ]
    },
    {
        "field_name": "form1[0].#subform[3].Pt7ItemNumber6_CheckboxNo[0]",
        "field_type": "/Btn",
        "initial_value": "/Off",
        "page_number": 4,
        "possible_values": [
            "/N",
            "/Off"
        ]
    },
    {
        "field_name": "form1[0].#subform[3].Pt7ItemNumber11_CheckboxYes[0]",
        "field_type": "/Btn",
        "initial_value": "/Off",
        "page_number": 4,
        "possible_values": [
            "/Off",
            "/Y"
        ]
    },
    {
        "field_name": "form1[0].#subform[3].Pt7ItemNumber11_CheckboxNo[0]",
        "field_type": "/Btn",
        "initial_value": "/Off",
        "page_number": 4,
        "possible_values": [
            "/N",
            "/Off"
        ]
    },
    {
        "field_name": "form1[0].#subform[3].Pt7ItemNumber12_CheckboxYes[0]",
        "field_type": "/Btn",
        "initial_value": "/Off",
        "page_number": 4,
        "possible_values": [
            "/Off",
            "/Y"
        ]
    },
    {
        "field_name": "form1[0].#subform[3].Pt7ItemNumber12_CheckboxNo[0]",
        "field_type": "/Btn",
        "initial_value": "/Off",
        "page_number": 4,
        "possible_values": [
            "/N",
            "/Off"
        ]
    },
    {
        "field_name": "form1[0].#pageSet[0].Page1[4].PDF417BarCode1[0]",
        "field_type": "/Tx",
        "initial_value": "I-140|05/31/22|5",
        "page_number": 5
    },
    {
        "field_name": "form1[0].#subform[4].Line2c_Person2MiddleName[1]",
        "field_type": "/Tx",
        "initial_value": "",
        "page_number": 5
    },
    {
        "field_name": "form1[0].#subform[4].Line2b_Person2GivenName[1]",
        "field_type": "/Tx",
        "initial_value": "",
        "page_number": 5
    },
    {
        "field_name": "form1[0].#subform[4].Line2a_Person2FamilyName[1]",
        "field_type": "/Tx",
        "initial_value": "",
        "page_number": 5
    },
    {
        "field_name": "form1[0].#subform[4].Line2f_Relationship[1]",
        "field_type": "/Tx",
        "initial_value": "",
        "page_number": 5
    },
    {
        "field_name": "form1[0].#subform[4].Line2d_DateOfBirth[1]",
        "field_type": "/Tx",
        "initial_value": "",
        "page_number": 5
    },
    {
        "field_name": "form1[0].#subform[4].Line2e_CountryOfBirth[1]",
        "field_type": "/Tx",
        "initial_value": "",
        "page_number": 5
    },
    {
        "field_name": "form1[0].#subform[4].Line2c_Person2MiddleName[2]",
        "field_type": "/Tx",
        "initial_value": "",
        "page_number": 5
    },
    {
        "field_name": "form1[0].#subform[4].Line2b_Person2GivenName[2]",
        "field_type": "/Tx",
        "initial_value": "",
        "page_number": 5
    },
    {
        "field_name": "form1[0].#subform[4].Line2a_Person2FamilyName[2]",
        "field_type": "/Tx",
        "initial_value": "",
        "page_number": 5
    },
    {
        "field_name": "form1[0].#subform[4].Line2d_DateOfBirth[2]",
        "field_type": "/Tx",
        "initial_value": "",
        "page_number": 5
    },
    {
        "field_name": "form1[0].#subform[4].Line2c_Person2MiddleName[3]",
        "field_type": "/Tx",
        "initial_value": "",
        "page_number": 5
    },
    {
        "field_name": "form1[0].#subform[4].Line2b_Person2GivenName[3]",
        "field_type": "/Tx",
        "initial_value": "",
        "page_number": 5
    },
    {
        "field_name": "form1[0].#subform[4].Line2a_Person2FamilyName[3]",
        "field_type": "/Tx",
        "initial_value": "",
        "page_number": 5
    },
    {
        "field_name": "form1[0].#subform[4].Line2f_Relationship[2]",
        "field_type": "/Tx",
        "initial_value": "",
        "page_number": 5
    },
    {
        "field_name": "form1[0].#subform[4].Line2d_DateOfBirth[3]",
        "field_type": "/Tx",
        "initial_value": "",
        "page_number": 5
    },
    {
        "field_name": "form1[0].#subform[4].Line2e_CountryOfBirth[2]",
        "field_type": "/Tx",
        "initial_value": "",
        "page_number": 5
    },
    {
        "field_name": "form1[0].#subform[4].Line2c_Person2MiddleName[4]",
        "field_type": "/Tx",
        "initial_value": "",
        "page_number": 5
    },
    {
        "field_name": "form1[0].#subform[4].Line2b_Person2GivenName[4]",
        "field_type": "/Tx",
        "initial_value": "",
        "page_number": 5
    },
    {
        "field_name": "form1[0].#subform[4].Line2a_Person2FamilyName[4]",
        "field_type": "/Tx",
        "initial_value": "",
        "page_number": 5
    },
    {
        "field_name": "form1[0].#subform[4].Line2f_Relationship[3]",
        "field_type": "/Tx",
        "initial_value": "",
        "page_number": 5
    },
    {
        "field_name": "form1[0].#subform[4].Line2d_DateOfBirth[4]",
        "field_type": "/Tx",
        "initial_value": "",
        "page_number": 5
    },
    {
        "field_name": "form1[0].#subform[4].Line2e_CountryOfBirth[3]",
        "field_type": "/Tx",
        "initial_value": "",
        "page_number": 5
    },
    {
        "field_name": "form1[0].#subform[4].Pt7ItemNumber17_CheckboxNo[0]",
        "field_type": "/Btn",
        "initial_value": "/Off",
        "page_number": 5,
        "possible_values": [
            "/N",
            "/Off"
        ]
    },
    {
        "field_name": "form1[0].#subform[4].Pt7ItemNumber17_CheckboxYes[0]",
        "field_type": "/Btn",
        "initial_value": "/Off",
        "page_number": 5,
        "possible_values": [
            "/Off",
            "/Y"
        ]
    },
    {
        "field_name": "form1[0].#subform[4].Pt7ItemNumber18_CheckboxNo[0]",
        "field_type": "/Btn",
        "initial_value": "/Off",
        "page_number": 5,
        "possible_values": [
            "/N",
            "/Off"
        ]
    },
    {
        "field_name": "form1[0].#subform[4].Pt7ItemNumber18_CheckboxYes[0]",
        "field_type": "/Btn",
        "initial_value": "/Off",
        "page_number": 5,
        "possible_values": [
            "/Off",
            "/Y"
        ]
    },
    {
        "field_name": "form1[0].#subform[4].Pt7ItemNumber29_CheckboxNo[0]",
        "field_type": "/Btn",
        "initial_value": "/Off",
        "page_number": 5,
        "possible_values": [
            "/N",
            "/Off"
        ]
    },
    {
        "field_name": "form1[0].#subform[4].Pt7ItemNumber29_CheckboxYes[0]",
        "field_type": "/Btn",
        "initial_value": "/Off",
        "page_number": 5,
        "possible_values": [
            "/Off",
            "/Y"
        ]
    },
    {
        "field_name": "form1[0].#subform[4].Pt7ItemNumber30_CheckboxNo[0]",
        "field_type": "/Btn",
        "initial_value": "/Off",
        "page_number": 5,
        "possible_values": [
            "/N",
            "/Off"
        ]
    },
    {
        "field_name": "form1[0].#subform[4].Pt7ItemNumber30_CheckboxYes[0]",
        "field_type": "/Btn",
        "initial_value": "/Off",
        "page_number": 5,
        "possible_values": [
            "/Off",
            "/Y"
        ]
    },
    {
        "field_name": "form1[0].#subform[4].Pt7ItemNumber35_CheckboxNo[0]",
        "field_type": "/Btn",
        "initial_value": "/Off",
        "page_number": 5,
        "possible_values": [
            "/N",
            "/Off"
        ]
    },
    {
        "field_name": "form1[0].#subform[4].Pt7ItemNumber35_CheckboxYes[0]",
        "field_type": "/Btn",
        "initial_value": "/Off",
        "page_number": 5,
        "possible_values": [
            "/Off",
            "/Y"
        ]
    },
    {
        "field_name": "form1[0].#subform[4].Pt7ItemNumber36_CheckboxNo[0]",
        "field_type": "/Btn",
        "initial_value": "/Off",
        "page_number": 5,
        "possible_values": [
            "/N",
            "/Off"
        ]
    },
    {
        "field_name": "form1[0].#subform[4].Pt7ItemNumber36_CheckboxYes[0]",
        "field_type": "/Btn",
        "initial_value": "/Off",
        "page_number": 5,
        "possible_values": [
            "/Off",
            "/Y"
        ]
    },
    {
        "field_name": "form1[0].#subform[4].Line2f_Relationship[4]",
        "field_type": "/Tx",
        "initial_value": "",
        "page_number": 5
    },
    {
        "field_name": "form1[0].#subform[4].Line2e_CountryOfBirth[4]",
        "field_type": "/Tx",
        "initial_value": "",
        "page_number": 5
    },
    {
        "field_name": "form1[0].#subform[4].Pt7ItemNumber23_CheckboxNo[0]",
        "field_type": "/Btn",
        "initial_value": "/Off",
        "page_number": 5,
        "possible_values": [
            "/N",
            "/Off"
        ]
    },
    {
        "field_name": "form1[0].#subform[4].Pt7ItemNumber23_CheckboxYes[0]",
        "field_type": "/Btn",
        "initial_value": "/Off",
        "page_number": 5,
        "possible_values": [
            "/Off",
            "/Y"
        ]
    },
    {
        "field_name": "form1[0].#subform[4].Pt7ItemNumber24_CheckboxNo[0]",
        "field_type": "/Btn",
        "initial_value": "/Off",
        "page_number": 5,
        "possible_values": [
            "/N",
            "/Off"
        ]
    },
    {
        "field_name": "form1[0].#subform[4].Pt7ItemNumber24_CheckboxYes[0]",
        "field_type": "/Btn",
        "initial_value": "/Off",
        "page_number": 5,
        "possible_values": [
            "/Off",
            "/Y"
        ]
    },
    {
        "field_name": "form1[0].#pageSet[0].Page1[5].PDF417BarCode1[0]",
        "field_type": "/Tx",
        "initial_value": "I-140|05/31/22|6",
        "page_number": 6
    },
    {
        "field_name": "form1[0].#subform[5].Part7_Item1_Interpreter[0]",
        "field_type": "/Btn",
        "initial_value": "/Off",
        "page_number": 6,
        "possible_values": [
            "/CANTREAD",
            "/Off"
        ]
    },
    {
        "field_name": "form1[0].#subform[5].Part7_Item1b_InterpreterName[0]",
        "field_type": "/Tx",
        "initial_value": "",
        "page_number": 6
    },
    {
        "field_name": "form1[0].#subform[5].Part7_Item1_Interpreter[1]",
        "field_type": "/Btn",
        "initial_value": "/Off",
        "page_number": 6,
        "possible_values": [
            "/CANREAD",
            "/Off"
        ]
    },
    {
        "field_name": "form1[0].#subform[5].Part7_Item2_PreparerName[0]",
        "field_type": "/Tx",
        "initial_value": "",
        "page_number": 6
    },
    {
        "field_name": "form1[0].#subform[5].Part7_Item2_Preparer[0]",
        "field_type": "/Btn",
        "initial_value": "/Off",
        "page_number": 6,
        "possible_values": [
            "/Off",
            "/PREP"
        ]
    },
    {
        "field_name": "form1[0].#subform[5].Part7_Item3a_FamilyName[0]",
        "field_type": "/Tx",
        "initial_value": "",
        "page_number": 6
    },
    {
        "field_name": "form1[0].#subform[5].Part7_Item4_Title[0]",
        "field_type": "/Tx",
        "initial_value": "",
        "page_number": 6
    },
    {
        "field_name": "form1[0].#subform[5].Part7_Item3b_GivenName[0]",
        "field_type": "/Tx",
        "initial_value": "",
        "page_number": 6
    },
    {
        "field_name": "form1[0].#subform[5].Part7_Item7_Email[0]",
        "field_type": "/Tx",
        "initial_value": "",
        "page_number": 6
    },
    {
        "field_name": "form1[0].#subform[5].Part7_Item6_MobilePhone[0]",
        "field_type": "/Tx",
        "initial_value": "",
        "page_number": 6
    },
    {
        "field_name": "form1[0].#subform[5].Part7_Item5_DayPhone[0]",
        "field_type": "/Tx",
        "initial_value": "",
        "page_number": 6
    },
    {
        "field_name": "form1[0].#subform[5].Part7_Item8b_Date[0]",
        "field_type": "/Tx",
        "initial_value": "",
        "page_number": 6
    },
    {
        "field_name": "form1[0].#subform[5].Part8_Item1a_FamilyName[0]",
        "field_type": "/Tx",
        "initial_value": "",
        "page_number": 6
    },
    {
        "field_name": "form1[0].#subform[5].Part8_Item2_OrgName[0]",
        "field_type": "/Tx",
        "initial_value": "",
        "page_number": 6
    },
    {
        "field_name": "form1[0].#subform[5].Part8_Item1b_GivenName[0]",
        "field_type": "/Tx",
        "initial_value": "",
        "page_number": 6
    },
    {
        "field_name": "form1[0].#subform[5].Line1a_SignatureofPetitioner[0]",
        "field_type": "/Tx",
        "initial_value": "",
        "page_number": 6
    },
    {
        "field_name": "form1[0].#pageSet[0].Page1[6].PDF417BarCode1[0]",
        "field_type": "/Tx",
        "initial_value": "I-140|05/31/22|7",
        "page_number": 7
    },
    {
        "field_name": "form1[0].#subform[6].Part8_Item3_StreetNumberName[0]",
        "field_type": "/Tx",
        "initial_value": "",
        "page_number": 7
    },
    {
        "field_name": "form1[0].#subform[6].Part8_Item3_AptSteFlrNumber[0]",
        "field_type": "/Tx",
        "initial_value": "",
        "page_number": 7
    },
    {
        "field_name": "form1[0].#subform[6].Part8_Item3_CityOrTown[0]",
        "field_type": "/Tx",
        "initial_value": "",
        "page_number": 7
    },
    {
        "field_name": "form1[0].#subform[6].Part8_Item3_Country[0]",
        "field_type": "/Tx",
        "initial_value": "",
        "page_number": 7
    },
    {
        "field_name": "form1[0].#subform[6].Part8_Item3_Province[0]",
        "field_type": "/Tx",
        "initial_value": "",
        "page_number": 7
    },
    {
        "field_name": "form1[0].#subform[6].Part8_Item3_PostalCode[0]",
        "field_type": "/Tx",
        "initial_value": "",
        "page_number": 7
    },
    {
        "field_name": "form1[0].#subform[6].Part8_Item3_ZipCode[0]",
        "field_type": "/Tx",
        "initial_value": "",
        "page_number": 7
    },
    {
        "field_name": "form1[0].#subform[6].Part8_Item3_State[0]",
        "field_type": "/Ch",
        "initial_value": "",
        "page_number": 7,
        "options": [
            " ",
            "AA",
            "AE",
            "AK",
            "AL",
            "AP",
            "AR",
            "AS",
            "AZ",
            "CA",
            "CO",
            "CT",
            "DC",
            "DE",
            "FL",
            "FM",
            "GA",
            "GU",
            "HI",
            "IA",
            "ID",
            "IL",
            "IN",
            "KS",
            "KY",
            "LA",
            "MA",
            "MD",
            "ME",
            "MH",
            "MI",
            "MN",
            "MO",
            "MP",
            "MS",
            "MT",
            "NC",
            "ND",
            "NE",
            "NH",
            "NJ",
            "NM",
            "NV",
            "NY",
            "OH",
            "OK",
            "OR",
            "PA",
            "PR",
            "PW",
            "RI",
            "SC",
            "SD",
            "TN",
            "TX",
            "UT",
            "UT",
            "VA",
            "VI",
            "VT",
            "WA",
            "WI",
            "WV",
            "WY"
        ]
    },
    {
        "field_name": "form1[0].#subform[6].Part8_Item3_Unit[0]",
        "field_type": "/Btn",
        "initial_value": "/Off",
        "page_number": 7,
        "possible_values": [
            "/Off",
            "/STE"
        ]
    },
    {
        "field_name": "form1[0].#subform[6].Part8_Item3_Unit[1]",
        "field_type": "/Btn",
        "initial_value": "/Off",
        "page_number": 7,
        "possible_values": [
            "/FLR",
            "/Off"
        ]
    },
    {
        "field_name": "form1[0].#subform[6].Part8_Item3_Unit[2]",
        "field_type": "/Btn",
        "initial_value": "/Off",
        "page_number": 7,
        "possible_values": [
            "/APT",
            "/Off"
        ]
    },
    {
        "field_name": "form1[0].#subform[6].Part8_Item4_DayPhone[0]",
        "field_type": "/Tx",
        "initial_value": "",
        "page_number": 7
    },
    {
        "field_name": "form1[0].#subform[6].Part8_Item6_Email[0]",
        "field_type": "/Tx",
        "initial_value": "",
        "page_number": 7
    },
    {
        "field_name": "form1[0].#subform[6].Part8_Item5_MobilePhone[0]",
        "field_type": "/Tx",
        "initial_value": "",
        "page_number": 7
    },
    {
        "field_name": "form1[0].#subform[6].Part8_Item6_Language[0]",
        "field_type": "/Tx",
        "initial_value": "",
        "page_number": 7
    },
    {
        "field_name": "form1[0].#subform[6].Part9_Item1a_FamilyName[0]",
        "field_type": "/Tx",
        "initial_value": "",
        "page_number": 7
    },
    {
        "field_name": "form1[0].#subform[6].Part9_Item1b_GivenName[0]",
        "field_type": "/Tx",
        "initial_value": "",
        "page_number": 7
    },
    {
        "field_name": "form1[0].#subform[6].Part9_Item2_OrgName[0]",
        "field_type": "/Tx",
        "initial_value": "",
        "page_number": 7
    },
    {
        "field_name": "form1[0].#subform[6].Part9_Item3_Country[0]",
        "field_type": "/Tx",
        "initial_value": "",
        "page_number": 7
    },
    {
        "field_name": "form1[0].#subform[6].Part9_Item3_StreetNumberName[0]",
        "field_type": "/Tx",
        "initial_value": "",
        "page_number": 7
    },
    {
        "field_name": "form1[0].#subform[6].Part9_Item3_AptSteFlrNumber[0]",
        "field_type": "/Tx",
        "initial_value": "",
        "page_number": 7
    },
    {
        "field_name": "form1[0].#subform[6].Part9_Item3_CityOrTown[0]",
        "field_type": "/Tx",
        "initial_value": "",
        "page_number": 7
    },
    {
        "field_name": "form1[0].#subform[6].Part9_Item3_Province[0]",
        "field_type": "/Tx",
        "initial_value": "",
        "page_number": 7
    },
    {
        "field_name": "form1[0].#subform[6].Part9_Item3_PostalCode[0]",
        "field_type": "/Tx",
        "initial_value": "",
        "page_number": 7
    },
    {
        "field_name": "form1[0].#subform[6].Part9_Item3_ZipCode[0]",
        "field_type": "/Tx",
        "initial_value": "",
        "page_number": 7
    },
    {
        "field_name": "form1[0].#subform[6].Part9_Item3_State[0]",
        "field_type": "/Ch",
        "initial_value": "",
        "page_number": 7,
        "options": [
            " ",
            "AA",
            "AE",
            "AK",
            "AL",
            "AP",
            "AR",
            "AS",
            "AZ",
            "CA",
            "CO",
            "CT",
            "DC",
            "DE",
            "FL",
            "FM",
            "GA",
            "GU",
            "HI",
            "IA",
            "ID",
            "IL",
            "IN",
            "KS",
            "KY",
            "LA",
            "MA",
            "MD",
            "ME",
            "MH",
            "MI",
            "MN",
            "MO",
            "MP",
            "MS",
            "MT",
            "NC",
            "ND",
            "NE",
            "NH",
            "NJ",
            "NM",
            "NV",
            "NY",
            "OH",
            "OK",
            "OR",
            "PA",
            "PR",
            "PW",
            "RI",
            "SC",
            "SD",
            "TN",
            "TX",
            "UT",
            "UT",
            "VA",
            "VI",
            "VT",
            "WA",
            "WI",
            "WV",
            "WY"
        ]
    },
    {
        "field_name": "form1[0].#subform[6].Part9_Item3_Unit[0]",
        "field_type": "/Btn",
        "initial_value": "/Off",
        "page_number": 7,
        "possible_values": [
            "/Off",
            "/STE"
        ]
    },
    {
        "field_name": "form1[0].#subform[6].Part9_Item3_Unit[1]",
        "field_type": "/Btn",
        "initial_value": "/Off",
        "page_number": 7,
        "possible_values": [
            "/FLR",
            "/Off"
        ]
    },
    {
        "field_name": "form1[0].#subform[6].Part9_Item3_Unit[2]",
        "field_type": "/Btn",
        "initial_value": "/Off",
        "page_number": 7,
        "possible_values": [
            "/APT",
            "/Off"
        ]
    },
    {
        "field_name": "form1[0].#subform[6].Part9_Item4_DayPhone[0]",
        "field_type": "/Tx",
        "initial_value": "",
        "page_number": 7
    },
    {
        "field_name": "form1[0].#subform[6].Part9_Item3_Email[0]",
        "field_type": "/Tx",
        "initial_value": "",
        "page_number": 7
    },
    {
        "field_name": "form1[0].#subform[6].Part9_Item3_MobilePhone[0]",
        "field_type": "/Tx",
        "initial_value": "",
        "page_number": 7
    },
    {
        "field_name": "form1[0].#subform[6].Part6_Line6a_InterpretersSignature[0]",
        "field_type": "/Tx",
        "initial_value": "",
        "page_number": 7
    },
    {
        "field_name": "form1[0].#subform[6].Part8_Item7b_Date[0]",
        "field_type": "/Tx",
        "initial_value": "",
        "page_number": 7
    },
    {
        "field_name": "form1[0].#pageSet[0].Page1[7].PDF417BarCode1[0]",
        "field_type": "/Tx",
        "initial_value": "I-140|05/31/22|8",
        "page_number": 8
    },
    {
        "field_name": "form1[0].#subform[7].Part9_Item7_AttorneyCB[0]",
        "field_type": "/Btn",
        "initial_value": "/Off",
        "page_number": 8,
        "possible_values": [
            "/N",
            "/Off"
        ]
    },
    {
        "field_name": "form1[0].#subform[7].Part9_Item7_AttorneyCB[1]",
        "field_type": "/Btn",
        "initial_value": "/Off",
        "page_number": 8,
        "possible_values": [
            "/Off",
            "/Y"
        ]
    },
    {
        "field_name": "form1[0].#subform[7].Part9_Item7b_NotExtend[0]",
        "field_type": "/Btn",
        "initial_value": "/Off",
        "page_number": 8,
        "possible_values": [
            "/N",
            "/Off"
        ]
    },
    {
        "field_name": "form1[0].#subform[7].Part9_Item7b_Extend[0]",
        "field_type": "/Btn",
        "initial_value": "/Off",
        "page_number": 8,
        "possible_values": [
            "/Off",
            "/Y"
        ]
    },
    {
        "field_name": "form1[0].#subform[7].Part9_Item8b_Date[0]",
        "field_type": "/Tx",
        "initial_value": "",
        "page_number": 8
    },
    {
        "field_name": "form1[0].#subform[7].Part7_Line8a_InterpretersSignature[0]",
        "field_type": "/Tx",
        "initial_value": "",
        "page_number": 8
    },
    {
        "field_name": "form1[0].#pageSet[0].Page1[8].PDF417BarCode1[0]",
        "field_type": "/Tx",
        "initial_value": "I-140|05/31/22|9",
        "page_number": 9
    },
    {
        "field_name": "form1[0].#subform[8].Pt9Line3d_AdditionalInfo[0]",
        "field_type": "/Tx",
        "initial_value": "",
        "page_number": 9
    },
    {
        "field_name": "form1[0].#subform[8].Pt1Line1a_FamilyName[1]",
        "field_type": "/Tx",
        "initial_value": "",
        "page_number": 9
    },
    {
        "field_name": "form1[0].#subform[8].Pt1Line1b_GivenName[1]",
        "field_type": "/Tx",
        "initial_value": "",
        "page_number": 9
    },
    {
        "field_name": "form1[0].#subform[8].Pt1Line1c_MiddleName[1]",
        "field_type": "/Tx",
        "initial_value": "",
        "page_number": 9
    },
    {
        "field_name": "form1[0].#subform[8].Pt9Line3a_PageNumber[0]",
        "field_type": "/Tx",
        "initial_value": "",
        "page_number": 9
    },
    {
        "field_name": "form1[0].#subform[8].Pt9Line3b_PartNumber[0]",
        "field_type": "/Tx",
        "initial_value": "",
        "page_number": 9
    },
    {
        "field_name": "form1[0].#subform[8].Pt9Line3c_ItemNumber[0]",
        "field_type": "/Tx",
        "initial_value": "",
        "page_number": 9
    },
    {
        "field_name": "form1[0].#subform[8].Pt9Line4d_AdditionalInfo[0]",
        "field_type": "/Tx",
        "initial_value": "",
        "page_number": 9
    },
    {
        "field_name": "form1[0].#subform[8].Pt9Line4a_PageNumber[0]",
        "field_type": "/Tx",
        "initial_value": "",
        "page_number": 9
    },
    {
        "field_name": "form1[0].#subform[8].Pt9Line4b_PartNumber[0]",
        "field_type": "/Tx",
        "initial_value": "",
        "page_number": 9
    },
    {
        "field_name": "form1[0].#subform[8].Pt9Line4c_ItemNumber[0]",
        "field_type": "/Tx",
        "initial_value": "",
        "page_number": 9
    },
    {
        "field_name": "form1[0].#subform[8].Pt9Line5d_AdditionalInfo[0]",
        "field_type": "/Tx",
        "initial_value": "",
        "page_number": 9
    },
    {
        "field_name": "form1[0].#subform[8].Pt9Line5a_PageNumber[0]",
        "field_type": "/Tx",
        "initial_value": "",
        "page_number": 9
    },
    {
        "field_name": "form1[0].#subform[8].Pt9Line5b_PartNumber[0]",
        "field_type": "/Tx",
        "initial_value": "",
        "page_number": 9
    },
    {
        "field_name": "form1[0].#subform[8].Pt9Line5c_ItemNumber[0]",
        "field_type": "/Tx",
        "initial_value": "",
        "page_number": 9
    },
    {
        "field_name": "form1[0].#subform[8].Pt9Line6d_AdditionalInfo[0]",
        "field_type": "/Tx",
        "initial_value": "",
        "page_number": 9
    },
    {
        "field_name": "form1[0].#subform[8].Pt9Line6c_ItemNumber[0]",
        "field_type": "/Tx",
        "initial_value": "",
        "page_number": 9
    },
    {
        "field_name": "form1[0].#subform[8].Pt9Line6b_PartNumber[0]",
        "field_type": "/Tx",
        "initial_value": "",
        "page_number": 9
    },
    {
        "field_name": "form1[0].#subform[8].Pt9Line6a_PageNumber[0]",
        "field_type": "/Tx",
        "initial_value": "",
        "page_number": 9
    },
    {
        "field_name": "form1[0].#subform[8].Pt9Line6d_AdditionalInfo[1]",
        "field_type": "/Tx",
        "initial_value": "",
        "page_number": 9
    },
    {
        "field_name": "form1[0].#subform[8].Pt9Line6a_PageNumber[1]",
        "field_type": "/Tx",
        "initial_value": "",
        "page_number": 9
    },
    {
        "field_name": "form1[0].#subform[8].Pt9Line6b_PartNumber[1]",
        "field_type": "/Tx",
        "initial_value": "",
        "page_number": 9
    },
    {
        "field_name": "form1[0].#subform[8].Pt9Line6c_ItemNumber[1]",
        "field_type": "/Tx",
        "initial_value": "",
        "page_number": 9
    },
    {
        "field_name": "form1[0].#subform[8].#area[6].Pt1Line3_TaxNumber[1]",
        "field_type": "/Tx",
        "initial_value": "",
        "page_number": 9
    }
]